Found 8 modules for target `BlinkBuddy`
link_native_modules! {:ios_packages=>[{:configurations=>[], :name=>"@react-native-async-storage/async-storage", :root=>"/Users/default/development/Proteus/blink_buddy/Github/blink_buddy/node_modules/@react-native-async-storage/async-storage", :path=>"../node_modules/@react-native-async-storage/async-storage", :podspec_path=>"/Users/default/development/Proteus/blink_buddy/Github/blink_buddy/node_modules/@react-native-async-storage/async-storage/RNCAsyncStorage.podspec", :script_phases=>[]}, {:configurations=>[], :name=>"@react-native-community/slider", :root=>"/Users/default/development/Proteus/blink_buddy/Github/blink_buddy/node_modules/@react-native-community/slider", :path=>"../node_modules/@react-native-community/slider", :podspec_path=>"/Users/default/development/Proteus/blink_buddy/Github/blink_buddy/node_modules/@react-native-community/slider/react-native-slider.podspec", :script_phases=>[]}, {:configurations=>[], :name=>"@react-native-picker/picker", :root=>"/Users/default/development/Proteus/blink_buddy/Github/blink_buddy/node_modules/@react-native-picker/picker", :path=>"../node_modules/@react-native-picker/picker", :podspec_path=>"/Users/default/development/Proteus/blink_buddy/Github/blink_buddy/node_modules/@react-native-picker/picker/RNCPicker.podspec", :script_phases=>[]}, {:configurations=>[], :name=>"react-native-background-actions", :root=>"/Users/default/development/Proteus/blink_buddy/Github/blink_buddy/node_modules/react-native-background-actions", :path=>"../node_modules/react-native-background-actions", :podspec_path=>"/Users/default/development/Proteus/blink_buddy/Github/blink_buddy/node_modules/react-native-background-actions/react-native-background-actions.podspec", :script_phases=>[]}, {:configurations=>[], :name=>"react-native-fast-image", :root=>"/Users/default/development/Proteus/blink_buddy/Github/blink_buddy/node_modules/react-native-fast-image", :path=>"../node_modules/react-native-fast-image", :podspec_path=>"/Users/default/development/Proteus/blink_buddy/Github/blink_buddy/node_modules/react-native-fast-image/RNFastImage.podspec", :script_phases=>[]}, {:configurations=>[], :name=>"react-native-linear-gradient", :root=>"/Users/default/development/Proteus/blink_buddy/Github/blink_buddy/node_modules/react-native-linear-gradient", :path=>"../node_modules/react-native-linear-gradient", :podspec_path=>"/Users/default/development/Proteus/blink_buddy/Github/blink_buddy/node_modules/react-native-linear-gradient/BVLinearGradient.podspec", :script_phases=>[]}, {:configurations=>[], :name=>"react-native-permissions", :root=>"/Users/default/development/Proteus/blink_buddy/Github/blink_buddy/node_modules/react-native-permissions", :path=>"../node_modules/react-native-permissions", :podspec_path=>"/Users/default/development/Proteus/blink_buddy/Github/blink_buddy/node_modules/react-native-permissions/RNPermissions.podspec", :script_phases=>[]}, {:configurations=>[], :name=>"react-native-svg", :root=>"/Users/default/development/Proteus/blink_buddy/Github/blink_buddy/node_modules/react-native-svg", :path=>"../node_modules/react-native-svg", :podspec_path=>"/Users/default/development/Proteus/blink_buddy/Github/blink_buddy/node_modules/react-native-svg/RNSVG.podspec", :script_phases=>[]}], :ios_project_root_path=>"/Users/default/development/Proteus/blink_buddy/Github/blink_buddy/ios", :react_native_path=>"../node_modules/react-native"}
Auto-linking React Native modules for target `BlinkBuddy`: BVLinearGradient, RNCAsyncStorage, RNCPicker, RNFastImage, RNPermissions, RNSVG, react-native-background-actions, and react-native-slider
Framework build type is static library
Configuring the target with the New Architecture
[36m[1m[Codegen][0m Analyzing ../package.json[0m
[36m[1m[Codegen][0m [33mSearching for codegen-enabled libraries in the app.[0m
[36m[1m[Codegen][0m [33mThe "codegenConfig" field is not defined in package.json. Assuming there is nothing to generate at the app level.[0m
[36m[1m[Codegen][0m [33mSearching for codegen-enabled libraries in the project dependencies.[0m
[36m[1m[Codegen][0m Found @react-native-async-storage/async-storage[0m
[36m[1m[Codegen][0m Found @react-native-community/slider[0m
[36m[1m[Codegen][0m Found @react-native-picker/picker[0m
[36m[1m[Codegen][0m Found react-native[0m
[36m[1m[Codegen][0m Found react-native-macos[0m
[36m[1m[Codegen][0m CodegenConfig Deprecated Setup for react-native-macos.
    The configuration file still contains the codegen in the libraries array.
    If possible, replace it with a single object.
  [0m
[36m[1m[Codegen][0m BEFORE:
    {
      // ...
      "codegenConfig": {
        "libraries": [
          {
            "name": "libName1",
            "type": "all|components|modules",
            "jsSrcsRoot": "libName1/js"
          },
          {
            "name": "libName2",
            "type": "all|components|modules",
            "jsSrcsRoot": "libName2/src"
          }
        ]
      }
    }

    AFTER:
    {
      "codegenConfig": {
        "name": "libraries",
        "type": "all",
        "jsSrcsRoot": "."
      }
    }
  [0m
[36m[1m[Codegen][0m Found react-native-permissions[0m
[36m[1m[Codegen][0m Found react-native-svg[0m
[36m[1m[Codegen][0m [33mSearching for codegen-enabled libraries in react-native.config.js[0m
[36m[1m[Codegen][0m Processing rnasyncstorage[0m
[36m[1m[Codegen][0m [33mSearching for podspec in the project dependencies.[0m
[36m[1m[Codegen][0m Supported Apple platforms: ios, macos, tvos, visionos for rnasyncstorage[0m
[36m[1m[Codegen][0m Processing RNCSlider[0m
[36m[1m[Codegen][0m [33mSearching for podspec in the project dependencies.[0m
[36m[1m[Codegen][0m Supported Apple platforms: ios, visionos for RNCSlider[0m
[36m[1m[Codegen][0m Processing rnpicker[0m
[36m[1m[Codegen][0m [33mSearching for podspec in the project dependencies.[0m
[36m[1m[Codegen][0m Supported Apple platforms: ios, macos, tvos for rnpicker[0m
[36m[1m[Codegen][0m Processing FBReactNativeSpec[0m
[36m[1m[Codegen][0m [33mSearching for podspec in the project dependencies.[0m
[36m[1m[Codegen][0m Processing rncore[0m
[36m[1m[Codegen][0m [33mSearching for podspec in the project dependencies.[0m
[36m[1m[Codegen][0m Processing FBReactNativeSpec[0m
[36m[1m[Codegen][0m [33mSearching for podspec in the project dependencies.[0m
[36m[1m[Codegen][0m Processing rncore[0m
[36m[1m[Codegen][0m [33mSearching for podspec in the project dependencies.[0m
[36m[1m[Codegen][0m Processing RNPermissionsSpec[0m
[36m[1m[Codegen][0m [33mSearching for podspec in the project dependencies.[0m
[36m[1m[Codegen][0m Supported Apple platforms: ios, tvos for RNPermissionsSpec[0m
[36m[1m[Codegen][0m Processing rnsvg[0m
[36m[1m[Codegen][0m [33mSearching for podspec in the project dependencies.[0m
[36m[1m[Codegen][0m Supported Apple platforms: ios, macos, tvos, visionos for rnsvg[0m
[36m[1m[Codegen][0m Generating Native Code for rnasyncstorage - ios[0m
[36m[1m[Codegen][0m Generated artifacts: /Users/default/development/Proteus/blink_buddy/Github/blink_buddy/ios/build/generated/ios[0m
[36m[1m[Codegen][0m Generating Native Code for RNCSlider - ios[0m
[36m[1m[Codegen][0m Generated artifacts: /Users/default/development/Proteus/blink_buddy/Github/blink_buddy/ios/build/generated/ios[0m
[36m[1m[Codegen][0m Generating Native Code for rnpicker - ios[0m
[36m[1m[Codegen][0m Generated artifacts: /Users/default/development/Proteus/blink_buddy/Github/blink_buddy/ios/build/generated/ios[0m
[36m[1m[Codegen][0m [33m[Codegen - FBReactNativeSpec] Skipping iOS code generation for FBReactNativeSpec as it has been generated already.[0m
[36m[1m[Codegen][0m [33m[Codegen - rncore] Skipping iOS code generation for rncore as it has been generated already.[0m
[36m[1m[Codegen][0m [33m[Codegen - FBReactNativeSpec] Skipping iOS code generation for FBReactNativeSpec as it has been generated already.[0m
[36m[1m[Codegen][0m [33m[Codegen - rncore] Skipping iOS code generation for rncore as it has been generated already.[0m
[36m[1m[Codegen][0m Generating Native Code for RNPermissionsSpec - ios[0m
[36m[1m[Codegen][0m Generated artifacts: /Users/default/development/Proteus/blink_buddy/Github/blink_buddy/ios/build/generated/ios[0m
[36m[1m[Codegen][0m Generating Native Code for rnsvg - ios[0m
[36m[1m[Codegen][0m Generated artifacts: /Users/default/development/Proteus/blink_buddy/Github/blink_buddy/ios/build/generated/ios[0m
[36m[1m[Codegen][0m Generating RCTThirdPartyComponentsProvider.h[0m
[36m[1m[Codegen][0m Generated artifact: /Users/default/development/Proteus/blink_buddy/Github/blink_buddy/ios/build/generated/ios/RCTThirdPartyComponentsProvider.h[0m
[36m[1m[Codegen][0m Generating RCTThirdPartyComponentsProvider.mm[0m
[36m[1m[Codegen][0m Generated artifact: /Users/default/development/Proteus/blink_buddy/Github/blink_buddy/ios/build/generated/ios/RCTThirdPartyComponentsProvider.mm[0m
[36m[1m[Codegen][0m Generating RCTModulesProvider.h[0m
[36m[1m[Codegen][0m Generated artifact: /Users/default/development/Proteus/blink_buddy/Github/blink_buddy/ios/build/generated/ios/RCTModuleProviders.h[0m
[36m[1m[Codegen][0m Generating RCTModuleProviders.mm[0m
[36m[1m[Codegen][0m Generated artifact: /Users/default/development/Proteus/blink_buddy/Github/blink_buddy/ios/build/generated/ios/RCTModuleProviders.mm[0m
[36m[1m[Codegen][0m Generating RCTAppDependencyProvider[0m
[36m[1m[Codegen][0m Generated artifact: /Users/default/development/Proteus/blink_buddy/Github/blink_buddy/ios/build/generated/ios/RCTAppDependencyProvider.h[0m
[36m[1m[Codegen][0m Generated artifact: /Users/default/development/Proteus/blink_buddy/Github/blink_buddy/ios/build/generated/ios/RCTAppDependencyProvider.mm[0m
[36m[1m[Codegen][0m Generated podspec: /Users/default/development/Proteus/blink_buddy/Github/blink_buddy/ios/build/generated/ios/ReactAppDependencyProvider.podspec[0m
[36m[1m[Codegen][0m Generated podspec: /Users/default/development/Proteus/blink_buddy/Github/blink_buddy/ios/build/generated/ios/ReactCodegen.podspec[0m
[36m[1m[Codegen][0m [33mDone.[0m
Updating local specs repositories
Analyzing dependencies
Fetching podspec for `DoubleConversion` from `../node_modules/react-native/third-party-podspecs/DoubleConversion.podspec`
Fetching podspec for `RCT-Folly` from `../node_modules/react-native/third-party-podspecs/RCT-Folly.podspec`
Fetching podspec for `boost` from `../node_modules/react-native/third-party-podspecs/boost.podspec`
Fetching podspec for `fast_float` from `../node_modules/react-native/third-party-podspecs/fast_float.podspec`
Fetching podspec for `fmt` from `../node_modules/react-native/third-party-podspecs/fmt.podspec`
Fetching podspec for `glog` from `../node_modules/react-native/third-party-podspecs/glog.podspec`
Fetching podspec for `hermes-engine` from `../node_modules/react-native/sdks/hermes-engine/hermes-engine.podspec`
[Hermes] Using release tarball from URL: https://repo1.maven.org/maven2/com/facebook/react/react-native-artifacts/0.79.2/react-native-artifacts-0.79.2-hermes-ios-debug.tar.gz
  % Total    % Received % Xferd  Average Speed   Time    Time     Time  Current
                                 Dload  Upload   Total   Spent    Left  Speed
  0     0    0     0    0     0      0      0 --:--:-- --:--:-- --:--:--     0 41 29.0M   41 12.2M    0     0  25.8M      0  0:00:01 --:--:--  0:00:01 25.7M100 29.0M  100 29.0M    0     0  29.6M      0 --:--:-- --:--:-- --:--:-- 29.6M
  % Total    % Received % Xferd  Average Speed   Time    Time     Time  Current
                                 Dload  Upload   Total   Spent    Left  Speed
  0     0    0     0    0     0      0      0 --:--:-- --:--:-- --:--:--     0 56 20.1M   56 11.3M    0     0  25.0M      0 --:--:-- --:--:-- --:--:-- 24.9M100 20.1M  100 20.1M    0     0  27.2M      0 --:--:-- --:--:-- --:--:-- 27.2M
Downloading dependencies
Installing BVLinearGradient (2.8.3)
Installing DoubleConversion (1.1.6)
Installing FBLazyVector (0.79.2)
Installing RCT-Folly (2024.11.18.00)
Installing RCTDeprecation (0.79.2)
Installing RCTRequired (0.79.2)
Installing RCTTypeSafety (0.79.2)
Installing RNCAsyncStorage (2.2.0)
Installing RNCPicker (2.11.4)
Installing RNFastImage (8.6.3)
Installing RNPermissions (5.4.4)
Installing RNSVG (15.15.1)
Installing React (0.79.2)
Installing React-Core (0.79.2)
Installing React-CoreModules (0.79.2)
Installing React-Fabric (0.79.2)
Installing React-FabricComponents (0.79.2)
Installing React-FabricImage (0.79.2)
Installing React-ImageManager (0.79.2)
Installing React-Mapbuffer (0.79.2)
Installing React-NativeModulesApple (0.79.2)
Installing React-RCTActionSheet (0.79.2)
Installing React-RCTAnimation (0.79.2)
Installing React-RCTAppDelegate (0.79.2)
Installing React-RCTBlob (0.79.2)
Installing React-RCTFBReactNativeSpec (0.79.2)
Installing React-RCTFabric (0.79.2)
Installing React-RCTImage (0.79.2)
Installing React-RCTLinking (0.79.2)
Installing React-RCTNetwork (0.79.2)
Installing React-RCTRuntime (0.79.2)
Installing React-RCTSettings (0.79.2)
Installing React-RCTText (0.79.2)
Installing React-RCTVibration (0.79.2)
Installing React-RuntimeApple (0.79.2)
Installing React-RuntimeCore (0.79.2)
Installing React-RuntimeHermes (0.79.2)
Installing React-callinvoker (0.79.2)
Installing React-cxxreact (0.79.2)
Installing React-debug (0.79.2)
Installing React-defaultsnativemodule (0.79.2)
Installing React-domnativemodule (0.79.2)
Installing React-featureflags (0.79.2)
Installing React-featureflagsnativemodule (0.79.2)
Installing React-graphics (0.79.2)
Installing React-hermes (0.79.2)
Installing React-idlecallbacksnativemodule (0.79.2)
Installing React-jserrorhandler (0.79.2)
Installing React-jsi (0.79.2)
Installing React-jsiexecutor (0.79.2)
Installing React-jsinspector (0.79.2)
Installing React-jsinspectortracing (0.79.2)
Installing React-jsitooling (0.79.2)
Installing React-jsitracing (0.79.2)
Installing React-logger (0.79.2)
Installing React-microtasksnativemodule (0.79.2)
Installing React-oscompat (0.79.2)
Installing React-perflogger (0.79.2)
Installing React-performancetimeline (0.79.2)
Installing React-rendererconsistency (0.79.2)
Installing React-renderercss (0.79.2)
Installing React-rendererdebug (0.79.2)
Installing React-rncore (0.79.2)
Installing React-runtimeexecutor (0.79.2)
Installing React-runtimescheduler (0.79.2)
Installing React-timing (0.79.2)
Installing React-utils (0.79.2)
Installing ReactAppDependencyProvider (0.79.2)
Installing ReactCodegen (0.79.2)
Installing ReactCommon (0.79.2)
Installing SDWebImage (5.11.1)
Installing SDWebImageWebPCoder (0.8.5)
Installing SocketRocket (0.7.1)
Installing Yoga (0.0.0)
Installing boost (1.84.0)
Installing fast_float (6.1.4)
Installing fmt (11.0.2)
Installing glog (0.3.5)
Installing hermes-engine (0.79.2)
Installing libwebp (1.5.0)
Installing react-native-background-actions (4.0.1)
Installing react-native-slider (4.5.7)
Generating Pods project
Setting USE_HERMES build settings
Setting REACT_NATIVE_PATH build settings
Setting SWIFT_ACTIVE_COMPILATION_CONDITIONS build settings
[Ccache]: Removing Ccache from CC, LD, CXX & LDPLUSPLUS build settings
[SPM] Cleaning old SPM dependencies from Pods project
[SPM] Adding SPM dependencies to Pods project
[Privacy Manifest Aggregation] Appending aggregated reasons to existing PrivacyInfo.xcprivacy file.
[Privacy Manifest Aggregation] Reading .xcprivacy files to aggregate all used Required Reason APIs.
Setting CLANG_CXX_LANGUAGE_STANDARD to c++20 on /Users/default/development/Proteus/blink_buddy/Github/blink_buddy/ios/BlinkBuddy.xcodeproj

==================== DEPRECATION NOTICE =====================
Calling `pod install` directly is deprecated in React Native
because we are moving away from Cocoapods toward alternative
solutions to build the project.
* If you are using Expo, please run:
`npx expo run:ios`
* If you are using the Community CLI, please run:
`yarn ios`
=============================================================

Pod install took 40 [s] to run
Integrating client project

[!] Please close any current Xcode sessions and use `BlinkBuddy.xcworkspace` for this project from now on.
Pod installation complete! There are 80 dependencies from the Podfile and 82 total pods installed.

[!] [Xcodeproj] Generated duplicate UUIDs:

PBXBuildFile -- Pods.xcodeproj/targets/buildConfigurationList:buildConfigurations:baseConfigurationReference:|,buildSettings:|,displayName:|,isa:|,name:|,,baseConfigurationReference:|,buildSettings:|,displayName:|,isa:|,name:|,,defaultConfigurationIsVisible:0,defaultConfigurationName:Release,displayName:ConfigurationList,isa:XCConfigurationList,,buildPhases:buildActionMask:2147483647,displayName:Headers,files:|,|,isa:PBXHeadersBuildPhase,runOnlyForDeploymentPostprocessing:0,,buildActionMask:2147483647,displayName:Sources,files:|,|,isa:PBXSourcesBuildPhase,runOnlyForDeploymentPostprocessing:0,,buildActionMask:2147483647,displayName:Frameworks,files:,isa:PBXFrameworksBuildPhase,runOnlyForDeploymentPostprocessing:0,,buildRules:,dependencies:displayName:RNCAsyncStorage-RNCAsyncStorage_resources,isa:PBXTargetDependency,targetProxy:containerPortal:|,displayName:|,isa:|,proxyType:|,remoteGlobalIDString:|,remoteInfo:|,,,displayName:React-Core,isa:PBXTargetDependency,targetProxy:containerPortal:|,displayName:|,isa:|,proxyType:|,remoteGlobalIDString:|,remoteInfo:|,,,displayName:RCT-Folly,isa:PBXTargetDependency,targetProxy:containerPortal:|,displayName:|,isa:|,proxyType:|,remoteGlobalIDString:|,remoteInfo:|,,,displayName:glog,isa:PBXTargetDependency,targetProxy:containerPortal:|,displayName:|,isa:|,proxyType:|,remoteGlobalIDString:|,remoteInfo:|,,,displayName:React-RCTFabric,isa:PBXTargetDependency,targetProxy:containerPortal:|,displayName:|,isa:|,proxyType:|,remoteGlobalIDString:|,remoteInfo:|,,,displayName:ReactCodegen,isa:PBXTargetDependency,targetProxy:containerPortal:|,displayName:|,isa:|,proxyType:|,remoteGlobalIDString:|,remoteInfo:|,,,displayName:RCTRequired,isa:PBXTargetDependency,targetProxy:containerPortal:|,displayName:|,isa:|,proxyType:|,remoteGlobalIDString:|,remoteInfo:|,,,displayName:RCTTypeSafety,isa:PBXTargetDependency,targetProxy:containerPortal:|,displayName:|,isa:|,proxyType:|,remoteGlobalIDString:|,remoteInfo:|,,,displayName:ReactCommon,isa:PBXTargetDependency,targetProxy:containerPortal:|,displayName:|,isa:|,proxyType:|,remoteGlobalIDString:|,remoteInfo:|,,,displayName:React-NativeModulesApple,isa:PBXTargetDependency,targetProxy:containerPortal:|,displayName:|,isa:|,proxyType:|,remoteGlobalIDString:|,remoteInfo:|,,,displayName:Yoga,isa:PBXTargetDependency,targetProxy:containerPortal:|,displayName:|,isa:|,proxyType:|,remoteGlobalIDString:|,remoteInfo:|,,,displayName:React-Fabric,isa:PBXTargetDependency,targetProxy:containerPortal:|,displayName:|,isa:|,proxyType:|,remoteGlobalIDString:|,remoteInfo:|,,,displayName:React-graphics,isa:PBXTargetDependency,targetProxy:containerPortal:|,displayName:|,isa:|,proxyType:|,remoteGlobalIDString:|,remoteInfo:|,,,displayName:React-utils,isa:PBXTargetDependency,targetProxy:containerPortal:|,displayName:|,isa:|,proxyType:|,remoteGlobalIDString:|,remoteInfo:|,,,displayName:React-featureflags,isa:PBXTargetDependency,targetProxy:containerPortal:|,displayName:|,isa:|,proxyType:|,remoteGlobalIDString:|,remoteInfo:|,,,displayName:React-debug,isa:PBXTargetDependency,targetProxy:containerPortal:|,displayName:|,isa:|,proxyType:|,remoteGlobalIDString:|,remoteInfo:|,,,displayName:React-ImageManager,isa:PBXTargetDependency,targetProxy:containerPortal:|,displayName:|,isa:|,proxyType:|,remoteGlobalIDString:|,remoteInfo:|,,,displayName:React-rendererdebug,isa:PBXTargetDependency,targetProxy:containerPortal:|,displayName:|,isa:|,proxyType:|,remoteGlobalIDString:|,remoteInfo:|,,,displayName:DoubleConversion,isa:PBXTargetDependency,targetProxy:containerPortal:|,displayName:|,isa:|,proxyType:|,remoteGlobalIDString:|,remoteInfo:|,,,displayName:React-jsi,isa:PBXTargetDependency,targetProxy:containerPortal:|,displayName:|,isa:|,proxyType:|,remoteGlobalIDString:|,remoteInfo:|,,,displayName:React-renderercss,isa:PBXTargetDependency,targetProxy:containerPortal:|,displayName:|,isa:|,proxyType:|,remoteGlobalIDString:|,remoteInfo:|,,,displayName:hermes-engine,isa:PBXTargetDependency,targetProxy:containerPortal:|,displayName:|,isa:|,proxyType:|,remoteGlobalIDString:|,remoteInfo:|,,,displayName:React-hermes,isa:PBXTargetDependency,targetProxy:containerPortal:|,displayName:|,isa:|,proxyType:|,remoteGlobalIDString:|,remoteInfo:|,,,displayName:RNCAsyncStorage,fileSystemSynchronizedGroups:,isa:PBXNativeTarget,name:RNCAsyncStorage,packageProductDependencies:,productName:RNCAsyncStorage,productReference:displayName:RNCAsyncStorage,explicitFileType:archive.ar,includeInIndex:0,isa:PBXFileReference,name:RNCAsyncStorage,path:libRNCAsyncStorage.a,sourceTree:BUILT_PRODUCTS_DIR,,productType:com.apple.product-type.library.static,/dependencies/displayName:ReactCodegen,isa:PBXTargetDependency,targetProxy:containerPortal:46EB2E00000000,displayName:ContainerItemProxy,isa:PBXContainerItemProxy,proxyType:1,remoteGlobalIDString:46EB2E0001D660,remoteInfo:ReactCodegen,,/target/buildPhases/buildActionMask:2147483647,displayName:Sources,files:displayName:RCTModuleProviders.mm,fileRef:displayName:|,includeInIndex:|,isa:|,path:|,sourceTree:|,,isa:PBXBuildFile,settings:COMPILER_FLAGS:|,,,displayName:RCTModulesConformingToProtocolsProvider.mm,fileRef:displayName:|,includeInIndex:|,isa:|,path:|,sourceTree:|,,isa:PBXBuildFile,settings:COMPILER_FLAGS:|,,,displayName:RCTThirdPartyComponentsProvider.mm,fileRef:displayName:|,includeInIndex:|,isa:|,path:|,sourceTree:|,,isa:PBXBuildFile,settings:COMPILER_FLAGS:|,,,displayName:ComponentDescriptors.cpp,fileRef:displayName:|,includeInIndex:|,isa:|,lastKnownFileType:|,path:|,sourceTree:|,,isa:PBXBuildFile,settings:COMPILER_FLAGS:|,,,displayName:EventEmitters.cpp,fileRef:displayName:|,includeInIndex:|,isa:|,lastKnownFileType:|,path:|,sourceTree:|,,isa:PBXBuildFile,settings:COMPILER_FLAGS:|,,,displayName:Props.cpp,fileRef:displayName:|,includeInIndex:|,isa:|,lastKnownFileType:|,path:|,sourceTree:|,,isa:PBXBuildFile,settings:COMPILER_FLAGS:|,,,displayName:ShadowNodes.cpp,fileRef:displayName:|,includeInIndex:|,isa:|,lastKnownFileType:|,path:|,sourceTree:|,,isa:PBXBuildFile,settings:COMPILER_FLAGS:|,,,displayName:States.cpp,fileRef:displayName:|,includeInIndex:|,isa:|,lastKnownFileType:|,path:|,sourceTree:|,,isa:PBXBuildFile,settings:COMPILER_FLAGS:|,,,displayName:ComponentDescriptors.cpp,fileRef:displayName:|,includeInIndex:|,isa:|,lastKnownFileType:|,path:|,sourceTree:|,,isa:PBXBuildFile,settings:COMPILER_FLAGS:|,,,displayName:EventEmitters.cpp,fileRef:displayName:|,includeInIndex:|,isa:|,lastKnownFileType:|,path:|,sourceTree:|,,isa:PBXBuildFile,settings:COMPILER_FLAGS:|,,,displayName:Props.cpp,fileRef:displayName:|,includeInIndex:|,isa:|,lastKnownFileType:|,path:|,sourceTree:|,,isa:PBXBuildFile,settings:COMPILER_FLAGS:|,,,displayName:ShadowNodes.cpp,fileRef:displayName:|,includeInIndex:|,isa:|,lastKnownFileType:|,path:|,sourceTree:|,,isa:PBXBuildFile,settings:COMPILER_FLAGS:|,,,displayName:States.cpp,fileRef:displayName:|,includeInIndex:|,isa:|,lastKnownFileType:|,path:|,sourceTree:|,,isa:PBXBuildFile,settings:COMPILER_FLAGS:|,,,displayName:ComponentDescriptors.cpp,fileRef:displayName:|,includeInIndex:|,isa:|,lastKnownFileType:|,path:|,sourceTree:|,,isa:PBXBuildFile,settings:COMPILER_FLAGS:|,,,displayName:EventEmitters.cpp,fileRef:displayName:|,includeInIndex:|,isa:|,lastKnownFileType:|,path:|,sourceTree:|,,isa:PBXBuildFile,settings:COMPILER_FLAGS:|,,,displayName:Props.cpp,fileRef:displayName:|,includeInIndex:|,isa:|,lastKnownFileType:|,path:|,sourceTree:|,,isa:PBXBuildFile,settings:COMPILER_FLAGS:|,,,displayName:ShadowNodes.cpp,fileRef:displayName:|,includeInIndex:|,isa:|,lastKnownFileType:|,path:|,sourceTree:|,,isa:PBXBuildFile,settings:COMPILER_FLAGS:|,,,displayName:States.cpp,fileRef:displayName:|,includeInIndex:|,isa:|,lastKnownFileType:|,path:|,sourceTree:|,,isa:PBXBuildFile,settings:COMPILER_FLAGS:|,,,displayName:rnasyncstorage-generated.mm,fileRef:displayName:|,includeInIndex:|,isa:|,path:|,sourceTree:|,,isa:PBXBuildFile,settings:COMPILER_FLAGS:|,,,displayName:rnasyncstorageJSI-generated.cpp,fileRef:displayName:|,includeInIndex:|,isa:|,lastKnownFileType:|,path:|,sourceTree:|,,isa:PBXBuildFile,settings:COMPILER_FLAGS:|,,,displayName:RNPermissionsSpec-generated.mm,fileRef:displayName:|,includeInIndex:|,isa:|,path:|,sourceTree:|,,isa:PBXBuildFile,settings:COMPILER_FLAGS:|,,,displayName:RNPermissionsSpecJSI-generated.cpp,fileRef:displayName:|,includeInIndex:|,isa:|,lastKnownFileType:|,path:|,sourceTree:|,,isa:PBXBuildFile,settings:COMPILER_FLAGS:|,,,displayName:rnsvg-generated.mm,fileRef:displayName:|,includeInIndex:|,isa:|,path:|,sourceTree:|,,isa:PBXBuildFile,settings:COMPILER_FLAGS:|,,,displayName:rnsvgJSI-generated.cpp,fileRef:displayName:|,includeInIndex:|,isa:|,lastKnownFileType:|,path:|,sourceTree:|,,isa:PBXBuildFile,settings:COMPILER_FLAGS:|,,,displayName:ReactCodegen-dummy.m,fileRef:displayName:|,includeInIndex:|,isa:|,lastKnownFileType:|,path:|,sourceTree:|,,isa:PBXBuildFile,,isa:PBXSourcesBuildPhase,runOnlyForDeploymentPostprocessing:0,/files/displayName:ComponentDescriptors.cpp,fileRef:displayName:ComponentDescriptors.cpp,includeInIndex:1,isa:PBXFileReference,lastKnownFileType:sourcecode.cpp.cpp,path:ComponentDescriptors.cpp,sourceTree:<group>,,isa:PBXBuildFile,settings:COMPILER_FLAGS:-DFOLLY_NO_CONFIG -DFOLLY_MOBILE=1 -DFOLLY_USE_LIBCPP=1 -DFOLLY_CFG_NO_COROUTINES=1 -DFOLLY_HAVE_CLOCK_GETTIME=1 -Wno-comma -Wno-shorten-64-to-32 -Wno-documentation -Wno-nullability-completeness -std=c++20,,
PBXBuildFile -- Pods.xcodeproj/targets/buildConfigurationList:buildConfigurations:baseConfigurationReference:|,buildSettings:|,displayName:|,isa:|,name:|,,baseConfigurationReference:|,buildSettings:|,displayName:|,isa:|,name:|,,defaultConfigurationIsVisible:0,defaultConfigurationName:Release,displayName:ConfigurationList,isa:XCConfigurationList,,buildPhases:buildActionMask:2147483647,displayName:Headers,files:|,|,isa:PBXHeadersBuildPhase,runOnlyForDeploymentPostprocessing:0,,buildActionMask:2147483647,displayName:Sources,files:|,|,isa:PBXSourcesBuildPhase,runOnlyForDeploymentPostprocessing:0,,buildActionMask:2147483647,displayName:Frameworks,files:,isa:PBXFrameworksBuildPhase,runOnlyForDeploymentPostprocessing:0,,buildRules:,dependencies:displayName:RNCAsyncStorage-RNCAsyncStorage_resources,isa:PBXTargetDependency,targetProxy:containerPortal:|,displayName:|,isa:|,proxyType:|,remoteGlobalIDString:|,remoteInfo:|,,,displayName:React-Core,isa:PBXTargetDependency,targetProxy:containerPortal:|,displayName:|,isa:|,proxyType:|,remoteGlobalIDString:|,remoteInfo:|,,,displayName:RCT-Folly,isa:PBXTargetDependency,targetProxy:containerPortal:|,displayName:|,isa:|,proxyType:|,remoteGlobalIDString:|,remoteInfo:|,,,displayName:glog,isa:PBXTargetDependency,targetProxy:containerPortal:|,displayName:|,isa:|,proxyType:|,remoteGlobalIDString:|,remoteInfo:|,,,displayName:React-RCTFabric,isa:PBXTargetDependency,targetProxy:containerPortal:|,displayName:|,isa:|,proxyType:|,remoteGlobalIDString:|,remoteInfo:|,,,displayName:ReactCodegen,isa:PBXTargetDependency,targetProxy:containerPortal:|,displayName:|,isa:|,proxyType:|,remoteGlobalIDString:|,remoteInfo:|,,,displayName:RCTRequired,isa:PBXTargetDependency,targetProxy:containerPortal:|,displayName:|,isa:|,proxyType:|,remoteGlobalIDString:|,remoteInfo:|,,,displayName:RCTTypeSafety,isa:PBXTargetDependency,targetProxy:containerPortal:|,displayName:|,isa:|,proxyType:|,remoteGlobalIDString:|,remoteInfo:|,,,displayName:ReactCommon,isa:PBXTargetDependency,targetProxy:containerPortal:|,displayName:|,isa:|,proxyType:|,remoteGlobalIDString:|,remoteInfo:|,,,displayName:React-NativeModulesApple,isa:PBXTargetDependency,targetProxy:containerPortal:|,displayName:|,isa:|,proxyType:|,remoteGlobalIDString:|,remoteInfo:|,,,displayName:Yoga,isa:PBXTargetDependency,targetProxy:containerPortal:|,displayName:|,isa:|,proxyType:|,remoteGlobalIDString:|,remoteInfo:|,,,displayName:React-Fabric,isa:PBXTargetDependency,targetProxy:containerPortal:|,displayName:|,isa:|,proxyType:|,remoteGlobalIDString:|,remoteInfo:|,,,displayName:React-graphics,isa:PBXTargetDependency,targetProxy:containerPortal:|,displayName:|,isa:|,proxyType:|,remoteGlobalIDString:|,remoteInfo:|,,,displayName:React-utils,isa:PBXTargetDependency,targetProxy:containerPortal:|,displayName:|,isa:|,proxyType:|,remoteGlobalIDString:|,remoteInfo:|,,,displayName:React-featureflags,isa:PBXTargetDependency,targetProxy:containerPortal:|,displayName:|,isa:|,proxyType:|,remoteGlobalIDString:|,remoteInfo:|,,,displayName:React-debug,isa:PBXTargetDependency,targetProxy:containerPortal:|,displayName:|,isa:|,proxyType:|,remoteGlobalIDString:|,remoteInfo:|,,,displayName:React-ImageManager,isa:PBXTargetDependency,targetProxy:containerPortal:|,displayName:|,isa:|,proxyType:|,remoteGlobalIDString:|,remoteInfo:|,,,displayName:React-rendererdebug,isa:PBXTargetDependency,targetProxy:containerPortal:|,displayName:|,isa:|,proxyType:|,remoteGlobalIDString:|,remoteInfo:|,,,displayName:DoubleConversion,isa:PBXTargetDependency,targetProxy:containerPortal:|,displayName:|,isa:|,proxyType:|,remoteGlobalIDString:|,remoteInfo:|,,,displayName:React-jsi,isa:PBXTargetDependency,targetProxy:containerPortal:|,displayName:|,isa:|,proxyType:|,remoteGlobalIDString:|,remoteInfo:|,,,displayName:React-renderercss,isa:PBXTargetDependency,targetProxy:containerPortal:|,displayName:|,isa:|,proxyType:|,remoteGlobalIDString:|,remoteInfo:|,,,displayName:hermes-engine,isa:PBXTargetDependency,targetProxy:containerPortal:|,displayName:|,isa:|,proxyType:|,remoteGlobalIDString:|,remoteInfo:|,,,displayName:React-hermes,isa:PBXTargetDependency,targetProxy:containerPortal:|,displayName:|,isa:|,proxyType:|,remoteGlobalIDString:|,remoteInfo:|,,,displayName:RNCAsyncStorage,fileSystemSynchronizedGroups:,isa:PBXNativeTarget,name:RNCAsyncStorage,packageProductDependencies:,productName:RNCAsyncStorage,productReference:displayName:RNCAsyncStorage,explicitFileType:archive.ar,includeInIndex:0,isa:PBXFileReference,name:RNCAsyncStorage,path:libRNCAsyncStorage.a,sourceTree:BUILT_PRODUCTS_DIR,,productType:com.apple.product-type.library.static,/dependencies/displayName:ReactCodegen,isa:PBXTargetDependency,targetProxy:containerPortal:46EB2E00000000,displayName:ContainerItemProxy,isa:PBXContainerItemProxy,proxyType:1,remoteGlobalIDString:46EB2E0001D660,remoteInfo:ReactCodegen,,/target/buildPhases/buildActionMask:2147483647,displayName:Sources,files:displayName:RCTModuleProviders.mm,fileRef:displayName:|,includeInIndex:|,isa:|,path:|,sourceTree:|,,isa:PBXBuildFile,settings:COMPILER_FLAGS:|,,,displayName:RCTModulesConformingToProtocolsProvider.mm,fileRef:displayName:|,includeInIndex:|,isa:|,path:|,sourceTree:|,,isa:PBXBuildFile,settings:COMPILER_FLAGS:|,,,displayName:RCTThirdPartyComponentsProvider.mm,fileRef:displayName:|,includeInIndex:|,isa:|,path:|,sourceTree:|,,isa:PBXBuildFile,settings:COMPILER_FLAGS:|,,,displayName:ComponentDescriptors.cpp,fileRef:displayName:|,includeInIndex:|,isa:|,lastKnownFileType:|,path:|,sourceTree:|,,isa:PBXBuildFile,settings:COMPILER_FLAGS:|,,,displayName:EventEmitters.cpp,fileRef:displayName:|,includeInIndex:|,isa:|,lastKnownFileType:|,path:|,sourceTree:|,,isa:PBXBuildFile,settings:COMPILER_FLAGS:|,,,displayName:Props.cpp,fileRef:displayName:|,includeInIndex:|,isa:|,lastKnownFileType:|,path:|,sourceTree:|,,isa:PBXBuildFile,settings:COMPILER_FLAGS:|,,,displayName:ShadowNodes.cpp,fileRef:displayName:|,includeInIndex:|,isa:|,lastKnownFileType:|,path:|,sourceTree:|,,isa:PBXBuildFile,settings:COMPILER_FLAGS:|,,,displayName:States.cpp,fileRef:displayName:|,includeInIndex:|,isa:|,lastKnownFileType:|,path:|,sourceTree:|,,isa:PBXBuildFile,settings:COMPILER_FLAGS:|,,,displayName:ComponentDescriptors.cpp,fileRef:displayName:|,includeInIndex:|,isa:|,lastKnownFileType:|,path:|,sourceTree:|,,isa:PBXBuildFile,settings:COMPILER_FLAGS:|,,,displayName:EventEmitters.cpp,fileRef:displayName:|,includeInIndex:|,isa:|,lastKnownFileType:|,path:|,sourceTree:|,,isa:PBXBuildFile,settings:COMPILER_FLAGS:|,,,displayName:Props.cpp,fileRef:displayName:|,includeInIndex:|,isa:|,lastKnownFileType:|,path:|,sourceTree:|,,isa:PBXBuildFile,settings:COMPILER_FLAGS:|,,,displayName:ShadowNodes.cpp,fileRef:displayName:|,includeInIndex:|,isa:|,lastKnownFileType:|,path:|,sourceTree:|,,isa:PBXBuildFile,settings:COMPILER_FLAGS:|,,,displayName:States.cpp,fileRef:displayName:|,includeInIndex:|,isa:|,lastKnownFileType:|,path:|,sourceTree:|,,isa:PBXBuildFile,settings:COMPILER_FLAGS:|,,,displayName:ComponentDescriptors.cpp,fileRef:displayName:|,includeInIndex:|,isa:|,lastKnownFileType:|,path:|,sourceTree:|,,isa:PBXBuildFile,settings:COMPILER_FLAGS:|,,,displayName:EventEmitters.cpp,fileRef:displayName:|,includeInIndex:|,isa:|,lastKnownFileType:|,path:|,sourceTree:|,,isa:PBXBuildFile,settings:COMPILER_FLAGS:|,,,displayName:Props.cpp,fileRef:displayName:|,includeInIndex:|,isa:|,lastKnownFileType:|,path:|,sourceTree:|,,isa:PBXBuildFile,settings:COMPILER_FLAGS:|,,,displayName:ShadowNodes.cpp,fileRef:displayName:|,includeInIndex:|,isa:|,lastKnownFileType:|,path:|,sourceTree:|,,isa:PBXBuildFile,settings:COMPILER_FLAGS:|,,,displayName:States.cpp,fileRef:displayName:|,includeInIndex:|,isa:|,lastKnownFileType:|,path:|,sourceTree:|,,isa:PBXBuildFile,settings:COMPILER_FLAGS:|,,,displayName:rnasyncstorage-generated.mm,fileRef:displayName:|,includeInIndex:|,isa:|,path:|,sourceTree:|,,isa:PBXBuildFile,settings:COMPILER_FLAGS:|,,,displayName:rnasyncstorageJSI-generated.cpp,fileRef:displayName:|,includeInIndex:|,isa:|,lastKnownFileType:|,path:|,sourceTree:|,,isa:PBXBuildFile,settings:COMPILER_FLAGS:|,,,displayName:RNPermissionsSpec-generated.mm,fileRef:displayName:|,includeInIndex:|,isa:|,path:|,sourceTree:|,,isa:PBXBuildFile,settings:COMPILER_FLAGS:|,,,displayName:RNPermissionsSpecJSI-generated.cpp,fileRef:displayName:|,includeInIndex:|,isa:|,lastKnownFileType:|,path:|,sourceTree:|,,isa:PBXBuildFile,settings:COMPILER_FLAGS:|,,,displayName:rnsvg-generated.mm,fileRef:displayName:|,includeInIndex:|,isa:|,path:|,sourceTree:|,,isa:PBXBuildFile,settings:COMPILER_FLAGS:|,,,displayName:rnsvgJSI-generated.cpp,fileRef:displayName:|,includeInIndex:|,isa:|,lastKnownFileType:|,path:|,sourceTree:|,,isa:PBXBuildFile,settings:COMPILER_FLAGS:|,,,displayName:ReactCodegen-dummy.m,fileRef:displayName:|,includeInIndex:|,isa:|,lastKnownFileType:|,path:|,sourceTree:|,,isa:PBXBuildFile,,isa:PBXSourcesBuildPhase,runOnlyForDeploymentPostprocessing:0,/files/displayName:EventEmitters.cpp,fileRef:displayName:EventEmitters.cpp,includeInIndex:1,isa:PBXFileReference,lastKnownFileType:sourcecode.cpp.cpp,path:EventEmitters.cpp,sourceTree:<group>,,isa:PBXBuildFile,settings:COMPILER_FLAGS:-DFOLLY_NO_CONFIG -DFOLLY_MOBILE=1 -DFOLLY_USE_LIBCPP=1 -DFOLLY_CFG_NO_COROUTINES=1 -DFOLLY_HAVE_CLOCK_GETTIME=1 -Wno-comma -Wno-shorten-64-to-32 -Wno-documentation -Wno-nullability-completeness -std=c++20,,
PBXBuildFile -- Pods.xcodeproj/targets/buildConfigurationList:buildConfigurations:baseConfigurationReference:|,buildSettings:|,displayName:|,isa:|,name:|,,baseConfigurationReference:|,buildSettings:|,displayName:|,isa:|,name:|,,defaultConfigurationIsVisible:0,defaultConfigurationName:Release,displayName:ConfigurationList,isa:XCConfigurationList,,buildPhases:buildActionMask:2147483647,displayName:Headers,files:|,|,isa:PBXHeadersBuildPhase,runOnlyForDeploymentPostprocessing:0,,buildActionMask:2147483647,displayName:Sources,files:|,|,isa:PBXSourcesBuildPhase,runOnlyForDeploymentPostprocessing:0,,buildActionMask:2147483647,displayName:Frameworks,files:,isa:PBXFrameworksBuildPhase,runOnlyForDeploymentPostprocessing:0,,buildRules:,dependencies:displayName:RNCAsyncStorage-RNCAsyncStorage_resources,isa:PBXTargetDependency,targetProxy:containerPortal:|,displayName:|,isa:|,proxyType:|,remoteGlobalIDString:|,remoteInfo:|,,,displayName:React-Core,isa:PBXTargetDependency,targetProxy:containerPortal:|,displayName:|,isa:|,proxyType:|,remoteGlobalIDString:|,remoteInfo:|,,,displayName:RCT-Folly,isa:PBXTargetDependency,targetProxy:containerPortal:|,displayName:|,isa:|,proxyType:|,remoteGlobalIDString:|,remoteInfo:|,,,displayName:glog,isa:PBXTargetDependency,targetProxy:containerPortal:|,displayName:|,isa:|,proxyType:|,remoteGlobalIDString:|,remoteInfo:|,,,displayName:React-RCTFabric,isa:PBXTargetDependency,targetProxy:containerPortal:|,displayName:|,isa:|,proxyType:|,remoteGlobalIDString:|,remoteInfo:|,,,displayName:ReactCodegen,isa:PBXTargetDependency,targetProxy:containerPortal:|,displayName:|,isa:|,proxyType:|,remoteGlobalIDString:|,remoteInfo:|,,,displayName:RCTRequired,isa:PBXTargetDependency,targetProxy:containerPortal:|,displayName:|,isa:|,proxyType:|,remoteGlobalIDString:|,remoteInfo:|,,,displayName:RCTTypeSafety,isa:PBXTargetDependency,targetProxy:containerPortal:|,displayName:|,isa:|,proxyType:|,remoteGlobalIDString:|,remoteInfo:|,,,displayName:ReactCommon,isa:PBXTargetDependency,targetProxy:containerPortal:|,displayName:|,isa:|,proxyType:|,remoteGlobalIDString:|,remoteInfo:|,,,displayName:React-NativeModulesApple,isa:PBXTargetDependency,targetProxy:containerPortal:|,displayName:|,isa:|,proxyType:|,remoteGlobalIDString:|,remoteInfo:|,,,displayName:Yoga,isa:PBXTargetDependency,targetProxy:containerPortal:|,displayName:|,isa:|,proxyType:|,remoteGlobalIDString:|,remoteInfo:|,,,displayName:React-Fabric,isa:PBXTargetDependency,targetProxy:containerPortal:|,displayName:|,isa:|,proxyType:|,remoteGlobalIDString:|,remoteInfo:|,,,displayName:React-graphics,isa:PBXTargetDependency,targetProxy:containerPortal:|,displayName:|,isa:|,proxyType:|,remoteGlobalIDString:|,remoteInfo:|,,,displayName:React-utils,isa:PBXTargetDependency,targetProxy:containerPortal:|,displayName:|,isa:|,proxyType:|,remoteGlobalIDString:|,remoteInfo:|,,,displayName:React-featureflags,isa:PBXTargetDependency,targetProxy:containerPortal:|,displayName:|,isa:|,proxyType:|,remoteGlobalIDString:|,remoteInfo:|,,,displayName:React-debug,isa:PBXTargetDependency,targetProxy:containerPortal:|,displayName:|,isa:|,proxyType:|,remoteGlobalIDString:|,remoteInfo:|,,,displayName:React-ImageManager,isa:PBXTargetDependency,targetProxy:containerPortal:|,displayName:|,isa:|,proxyType:|,remoteGlobalIDString:|,remoteInfo:|,,,displayName:React-rendererdebug,isa:PBXTargetDependency,targetProxy:containerPortal:|,displayName:|,isa:|,proxyType:|,remoteGlobalIDString:|,remoteInfo:|,,,displayName:DoubleConversion,isa:PBXTargetDependency,targetProxy:containerPortal:|,displayName:|,isa:|,proxyType:|,remoteGlobalIDString:|,remoteInfo:|,,,displayName:React-jsi,isa:PBXTargetDependency,targetProxy:containerPortal:|,displayName:|,isa:|,proxyType:|,remoteGlobalIDString:|,remoteInfo:|,,,displayName:React-renderercss,isa:PBXTargetDependency,targetProxy:containerPortal:|,displayName:|,isa:|,proxyType:|,remoteGlobalIDString:|,remoteInfo:|,,,displayName:hermes-engine,isa:PBXTargetDependency,targetProxy:containerPortal:|,displayName:|,isa:|,proxyType:|,remoteGlobalIDString:|,remoteInfo:|,,,displayName:React-hermes,isa:PBXTargetDependency,targetProxy:containerPortal:|,displayName:|,isa:|,proxyType:|,remoteGlobalIDString:|,remoteInfo:|,,,displayName:RNCAsyncStorage,fileSystemSynchronizedGroups:,isa:PBXNativeTarget,name:RNCAsyncStorage,packageProductDependencies:,productName:RNCAsyncStorage,productReference:displayName:RNCAsyncStorage,explicitFileType:archive.ar,includeInIndex:0,isa:PBXFileReference,name:RNCAsyncStorage,path:libRNCAsyncStorage.a,sourceTree:BUILT_PRODUCTS_DIR,,productType:com.apple.product-type.library.static,/dependencies/displayName:ReactCodegen,isa:PBXTargetDependency,targetProxy:containerPortal:46EB2E00000000,displayName:ContainerItemProxy,isa:PBXContainerItemProxy,proxyType:1,remoteGlobalIDString:46EB2E0001D660,remoteInfo:ReactCodegen,,/target/buildPhases/buildActionMask:2147483647,displayName:Sources,files:displayName:RCTModuleProviders.mm,fileRef:displayName:|,includeInIndex:|,isa:|,path:|,sourceTree:|,,isa:PBXBuildFile,settings:COMPILER_FLAGS:|,,,displayName:RCTModulesConformingToProtocolsProvider.mm,fileRef:displayName:|,includeInIndex:|,isa:|,path:|,sourceTree:|,,isa:PBXBuildFile,settings:COMPILER_FLAGS:|,,,displayName:RCTThirdPartyComponentsProvider.mm,fileRef:displayName:|,includeInIndex:|,isa:|,path:|,sourceTree:|,,isa:PBXBuildFile,settings:COMPILER_FLAGS:|,,,displayName:ComponentDescriptors.cpp,fileRef:displayName:|,includeInIndex:|,isa:|,lastKnownFileType:|,path:|,sourceTree:|,,isa:PBXBuildFile,settings:COMPILER_FLAGS:|,,,displayName:EventEmitters.cpp,fileRef:displayName:|,includeInIndex:|,isa:|,lastKnownFileType:|,path:|,sourceTree:|,,isa:PBXBuildFile,settings:COMPILER_FLAGS:|,,,displayName:Props.cpp,fileRef:displayName:|,includeInIndex:|,isa:|,lastKnownFileType:|,path:|,sourceTree:|,,isa:PBXBuildFile,settings:COMPILER_FLAGS:|,,,displayName:ShadowNodes.cpp,fileRef:displayName:|,includeInIndex:|,isa:|,lastKnownFileType:|,path:|,sourceTree:|,,isa:PBXBuildFile,settings:COMPILER_FLAGS:|,,,displayName:States.cpp,fileRef:displayName:|,includeInIndex:|,isa:|,lastKnownFileType:|,path:|,sourceTree:|,,isa:PBXBuildFile,settings:COMPILER_FLAGS:|,,,displayName:ComponentDescriptors.cpp,fileRef:displayName:|,includeInIndex:|,isa:|,lastKnownFileType:|,path:|,sourceTree:|,,isa:PBXBuildFile,settings:COMPILER_FLAGS:|,,,displayName:EventEmitters.cpp,fileRef:displayName:|,includeInIndex:|,isa:|,lastKnownFileType:|,path:|,sourceTree:|,,isa:PBXBuildFile,settings:COMPILER_FLAGS:|,,,displayName:Props.cpp,fileRef:displayName:|,includeInIndex:|,isa:|,lastKnownFileType:|,path:|,sourceTree:|,,isa:PBXBuildFile,settings:COMPILER_FLAGS:|,,,displayName:ShadowNodes.cpp,fileRef:displayName:|,includeInIndex:|,isa:|,lastKnownFileType:|,path:|,sourceTree:|,,isa:PBXBuildFile,settings:COMPILER_FLAGS:|,,,displayName:States.cpp,fileRef:displayName:|,includeInIndex:|,isa:|,lastKnownFileType:|,path:|,sourceTree:|,,isa:PBXBuildFile,settings:COMPILER_FLAGS:|,,,displayName:ComponentDescriptors.cpp,fileRef:displayName:|,includeInIndex:|,isa:|,lastKnownFileType:|,path:|,sourceTree:|,,isa:PBXBuildFile,settings:COMPILER_FLAGS:|,,,displayName:EventEmitters.cpp,fileRef:displayName:|,includeInIndex:|,isa:|,lastKnownFileType:|,path:|,sourceTree:|,,isa:PBXBuildFile,settings:COMPILER_FLAGS:|,,,displayName:Props.cpp,fileRef:displayName:|,includeInIndex:|,isa:|,lastKnownFileType:|,path:|,sourceTree:|,,isa:PBXBuildFile,settings:COMPILER_FLAGS:|,,,displayName:ShadowNodes.cpp,fileRef:displayName:|,includeInIndex:|,isa:|,lastKnownFileType:|,path:|,sourceTree:|,,isa:PBXBuildFile,settings:COMPILER_FLAGS:|,,,displayName:States.cpp,fileRef:displayName:|,includeInIndex:|,isa:|,lastKnownFileType:|,path:|,sourceTree:|,,isa:PBXBuildFile,settings:COMPILER_FLAGS:|,,,displayName:rnasyncstorage-generated.mm,fileRef:displayName:|,includeInIndex:|,isa:|,path:|,sourceTree:|,,isa:PBXBuildFile,settings:COMPILER_FLAGS:|,,,displayName:rnasyncstorageJSI-generated.cpp,fileRef:displayName:|,includeInIndex:|,isa:|,lastKnownFileType:|,path:|,sourceTree:|,,isa:PBXBuildFile,settings:COMPILER_FLAGS:|,,,displayName:RNPermissionsSpec-generated.mm,fileRef:displayName:|,includeInIndex:|,isa:|,path:|,sourceTree:|,,isa:PBXBuildFile,settings:COMPILER_FLAGS:|,,,displayName:RNPermissionsSpecJSI-generated.cpp,fileRef:displayName:|,includeInIndex:|,isa:|,lastKnownFileType:|,path:|,sourceTree:|,,isa:PBXBuildFile,settings:COMPILER_FLAGS:|,,,displayName:rnsvg-generated.mm,fileRef:displayName:|,includeInIndex:|,isa:|,path:|,sourceTree:|,,isa:PBXBuildFile,settings:COMPILER_FLAGS:|,,,displayName:rnsvgJSI-generated.cpp,fileRef:displayName:|,includeInIndex:|,isa:|,lastKnownFileType:|,path:|,sourceTree:|,,isa:PBXBuildFile,settings:COMPILER_FLAGS:|,,,displayName:ReactCodegen-dummy.m,fileRef:displayName:|,includeInIndex:|,isa:|,lastKnownFileType:|,path:|,sourceTree:|,,isa:PBXBuildFile,,isa:PBXSourcesBuildPhase,runOnlyForDeploymentPostprocessing:0,/files/displayName:Props.cpp,fileRef:displayName:Props.cpp,includeInIndex:1,isa:PBXFileReference,lastKnownFileType:sourcecode.cpp.cpp,path:Props.cpp,sourceTree:<group>,,isa:PBXBuildFile,settings:COMPILER_FLAGS:-DFOLLY_NO_CONFIG -DFOLLY_MOBILE=1 -DFOLLY_USE_LIBCPP=1 -DFOLLY_CFG_NO_COROUTINES=1 -DFOLLY_HAVE_CLOCK_GETTIME=1 -Wno-comma -Wno-shorten-64-to-32 -Wno-documentation -Wno-nullability-completeness -std=c++20,,
PBXBuildFile -- Pods.xcodeproj/targets/buildConfigurationList:buildConfigurations:baseConfigurationReference:|,buildSettings:|,displayName:|,isa:|,name:|,,baseConfigurationReference:|,buildSettings:|,displayName:|,isa:|,name:|,,defaultConfigurationIsVisible:0,defaultConfigurationName:Release,displayName:ConfigurationList,isa:XCConfigurationList,,buildPhases:buildActionMask:2147483647,displayName:Headers,files:|,|,isa:PBXHeadersBuildPhase,runOnlyForDeploymentPostprocessing:0,,buildActionMask:2147483647,displayName:Sources,files:|,|,isa:PBXSourcesBuildPhase,runOnlyForDeploymentPostprocessing:0,,buildActionMask:2147483647,displayName:Frameworks,files:,isa:PBXFrameworksBuildPhase,runOnlyForDeploymentPostprocessing:0,,buildRules:,dependencies:displayName:RNCAsyncStorage-RNCAsyncStorage_resources,isa:PBXTargetDependency,targetProxy:containerPortal:|,displayName:|,isa:|,proxyType:|,remoteGlobalIDString:|,remoteInfo:|,,,displayName:React-Core,isa:PBXTargetDependency,targetProxy:containerPortal:|,displayName:|,isa:|,proxyType:|,remoteGlobalIDString:|,remoteInfo:|,,,displayName:RCT-Folly,isa:PBXTargetDependency,targetProxy:containerPortal:|,displayName:|,isa:|,proxyType:|,remoteGlobalIDString:|,remoteInfo:|,,,displayName:glog,isa:PBXTargetDependency,targetProxy:containerPortal:|,displayName:|,isa:|,proxyType:|,remoteGlobalIDString:|,remoteInfo:|,,,displayName:React-RCTFabric,isa:PBXTargetDependency,targetProxy:containerPortal:|,displayName:|,isa:|,proxyType:|,remoteGlobalIDString:|,remoteInfo:|,,,displayName:ReactCodegen,isa:PBXTargetDependency,targetProxy:containerPortal:|,displayName:|,isa:|,proxyType:|,remoteGlobalIDString:|,remoteInfo:|,,,displayName:RCTRequired,isa:PBXTargetDependency,targetProxy:containerPortal:|,displayName:|,isa:|,proxyType:|,remoteGlobalIDString:|,remoteInfo:|,,,displayName:RCTTypeSafety,isa:PBXTargetDependency,targetProxy:containerPortal:|,displayName:|,isa:|,proxyType:|,remoteGlobalIDString:|,remoteInfo:|,,,displayName:ReactCommon,isa:PBXTargetDependency,targetProxy:containerPortal:|,displayName:|,isa:|,proxyType:|,remoteGlobalIDString:|,remoteInfo:|,,,displayName:React-NativeModulesApple,isa:PBXTargetDependency,targetProxy:containerPortal:|,displayName:|,isa:|,proxyType:|,remoteGlobalIDString:|,remoteInfo:|,,,displayName:Yoga,isa:PBXTargetDependency,targetProxy:containerPortal:|,displayName:|,isa:|,proxyType:|,remoteGlobalIDString:|,remoteInfo:|,,,displayName:React-Fabric,isa:PBXTargetDependency,targetProxy:containerPortal:|,displayName:|,isa:|,proxyType:|,remoteGlobalIDString:|,remoteInfo:|,,,displayName:React-graphics,isa:PBXTargetDependency,targetProxy:containerPortal:|,displayName:|,isa:|,proxyType:|,remoteGlobalIDString:|,remoteInfo:|,,,displayName:React-utils,isa:PBXTargetDependency,targetProxy:containerPortal:|,displayName:|,isa:|,proxyType:|,remoteGlobalIDString:|,remoteInfo:|,,,displayName:React-featureflags,isa:PBXTargetDependency,targetProxy:containerPortal:|,displayName:|,isa:|,proxyType:|,remoteGlobalIDString:|,remoteInfo:|,,,displayName:React-debug,isa:PBXTargetDependency,targetProxy:containerPortal:|,displayName:|,isa:|,proxyType:|,remoteGlobalIDString:|,remoteInfo:|,,,displayName:React-ImageManager,isa:PBXTargetDependency,targetProxy:containerPortal:|,displayName:|,isa:|,proxyType:|,remoteGlobalIDString:|,remoteInfo:|,,,displayName:React-rendererdebug,isa:PBXTargetDependency,targetProxy:containerPortal:|,displayName:|,isa:|,proxyType:|,remoteGlobalIDString:|,remoteInfo:|,,,displayName:DoubleConversion,isa:PBXTargetDependency,targetProxy:containerPortal:|,displayName:|,isa:|,proxyType:|,remoteGlobalIDString:|,remoteInfo:|,,,displayName:React-jsi,isa:PBXTargetDependency,targetProxy:containerPortal:|,displayName:|,isa:|,proxyType:|,remoteGlobalIDString:|,remoteInfo:|,,,displayName:React-renderercss,isa:PBXTargetDependency,targetProxy:containerPortal:|,displayName:|,isa:|,proxyType:|,remoteGlobalIDString:|,remoteInfo:|,,,displayName:hermes-engine,isa:PBXTargetDependency,targetProxy:containerPortal:|,displayName:|,isa:|,proxyType:|,remoteGlobalIDString:|,remoteInfo:|,,,displayName:React-hermes,isa:PBXTargetDependency,targetProxy:containerPortal:|,displayName:|,isa:|,proxyType:|,remoteGlobalIDString:|,remoteInfo:|,,,displayName:RNCAsyncStorage,fileSystemSynchronizedGroups:,isa:PBXNativeTarget,name:RNCAsyncStorage,packageProductDependencies:,productName:RNCAsyncStorage,productReference:displayName:RNCAsyncStorage,explicitFileType:archive.ar,includeInIndex:0,isa:PBXFileReference,name:RNCAsyncStorage,path:libRNCAsyncStorage.a,sourceTree:BUILT_PRODUCTS_DIR,,productType:com.apple.product-type.library.static,/dependencies/displayName:ReactCodegen,isa:PBXTargetDependency,targetProxy:containerPortal:46EB2E00000000,displayName:ContainerItemProxy,isa:PBXContainerItemProxy,proxyType:1,remoteGlobalIDString:46EB2E0001D660,remoteInfo:ReactCodegen,,/target/buildPhases/buildActionMask:2147483647,displayName:Sources,files:displayName:RCTModuleProviders.mm,fileRef:displayName:|,includeInIndex:|,isa:|,path:|,sourceTree:|,,isa:PBXBuildFile,settings:COMPILER_FLAGS:|,,,displayName:RCTModulesConformingToProtocolsProvider.mm,fileRef:displayName:|,includeInIndex:|,isa:|,path:|,sourceTree:|,,isa:PBXBuildFile,settings:COMPILER_FLAGS:|,,,displayName:RCTThirdPartyComponentsProvider.mm,fileRef:displayName:|,includeInIndex:|,isa:|,path:|,sourceTree:|,,isa:PBXBuildFile,settings:COMPILER_FLAGS:|,,,displayName:ComponentDescriptors.cpp,fileRef:displayName:|,includeInIndex:|,isa:|,lastKnownFileType:|,path:|,sourceTree:|,,isa:PBXBuildFile,settings:COMPILER_FLAGS:|,,,displayName:EventEmitters.cpp,fileRef:displayName:|,includeInIndex:|,isa:|,lastKnownFileType:|,path:|,sourceTree:|,,isa:PBXBuildFile,settings:COMPILER_FLAGS:|,,,displayName:Props.cpp,fileRef:displayName:|,includeInIndex:|,isa:|,lastKnownFileType:|,path:|,sourceTree:|,,isa:PBXBuildFile,settings:COMPILER_FLAGS:|,,,displayName:ShadowNodes.cpp,fileRef:displayName:|,includeInIndex:|,isa:|,lastKnownFileType:|,path:|,sourceTree:|,,isa:PBXBuildFile,settings:COMPILER_FLAGS:|,,,displayName:States.cpp,fileRef:displayName:|,includeInIndex:|,isa:|,lastKnownFileType:|,path:|,sourceTree:|,,isa:PBXBuildFile,settings:COMPILER_FLAGS:|,,,displayName:ComponentDescriptors.cpp,fileRef:displayName:|,includeInIndex:|,isa:|,lastKnownFileType:|,path:|,sourceTree:|,,isa:PBXBuildFile,settings:COMPILER_FLAGS:|,,,displayName:EventEmitters.cpp,fileRef:displayName:|,includeInIndex:|,isa:|,lastKnownFileType:|,path:|,sourceTree:|,,isa:PBXBuildFile,settings:COMPILER_FLAGS:|,,,displayName:Props.cpp,fileRef:displayName:|,includeInIndex:|,isa:|,lastKnownFileType:|,path:|,sourceTree:|,,isa:PBXBuildFile,settings:COMPILER_FLAGS:|,,,displayName:ShadowNodes.cpp,fileRef:displayName:|,includeInIndex:|,isa:|,lastKnownFileType:|,path:|,sourceTree:|,,isa:PBXBuildFile,settings:COMPILER_FLAGS:|,,,displayName:States.cpp,fileRef:displayName:|,includeInIndex:|,isa:|,lastKnownFileType:|,path:|,sourceTree:|,,isa:PBXBuildFile,settings:COMPILER_FLAGS:|,,,displayName:ComponentDescriptors.cpp,fileRef:displayName:|,includeInIndex:|,isa:|,lastKnownFileType:|,path:|,sourceTree:|,,isa:PBXBuildFile,settings:COMPILER_FLAGS:|,,,displayName:EventEmitters.cpp,fileRef:displayName:|,includeInIndex:|,isa:|,lastKnownFileType:|,path:|,sourceTree:|,,isa:PBXBuildFile,settings:COMPILER_FLAGS:|,,,displayName:Props.cpp,fileRef:displayName:|,includeInIndex:|,isa:|,lastKnownFileType:|,path:|,sourceTree:|,,isa:PBXBuildFile,settings:COMPILER_FLAGS:|,,,displayName:ShadowNodes.cpp,fileRef:displayName:|,includeInIndex:|,isa:|,lastKnownFileType:|,path:|,sourceTree:|,,isa:PBXBuildFile,settings:COMPILER_FLAGS:|,,,displayName:States.cpp,fileRef:displayName:|,includeInIndex:|,isa:|,lastKnownFileType:|,path:|,sourceTree:|,,isa:PBXBuildFile,settings:COMPILER_FLAGS:|,,,displayName:rnasyncstorage-generated.mm,fileRef:displayName:|,includeInIndex:|,isa:|,path:|,sourceTree:|,,isa:PBXBuildFile,settings:COMPILER_FLAGS:|,,,displayName:rnasyncstorageJSI-generated.cpp,fileRef:displayName:|,includeInIndex:|,isa:|,lastKnownFileType:|,path:|,sourceTree:|,,isa:PBXBuildFile,settings:COMPILER_FLAGS:|,,,displayName:RNPermissionsSpec-generated.mm,fileRef:displayName:|,includeInIndex:|,isa:|,path:|,sourceTree:|,,isa:PBXBuildFile,settings:COMPILER_FLAGS:|,,,displayName:RNPermissionsSpecJSI-generated.cpp,fileRef:displayName:|,includeInIndex:|,isa:|,lastKnownFileType:|,path:|,sourceTree:|,,isa:PBXBuildFile,settings:COMPILER_FLAGS:|,,,displayName:rnsvg-generated.mm,fileRef:displayName:|,includeInIndex:|,isa:|,path:|,sourceTree:|,,isa:PBXBuildFile,settings:COMPILER_FLAGS:|,,,displayName:rnsvgJSI-generated.cpp,fileRef:displayName:|,includeInIndex:|,isa:|,lastKnownFileType:|,path:|,sourceTree:|,,isa:PBXBuildFile,settings:COMPILER_FLAGS:|,,,displayName:ReactCodegen-dummy.m,fileRef:displayName:|,includeInIndex:|,isa:|,lastKnownFileType:|,path:|,sourceTree:|,,isa:PBXBuildFile,,isa:PBXSourcesBuildPhase,runOnlyForDeploymentPostprocessing:0,/files/displayName:ShadowNodes.cpp,fileRef:displayName:ShadowNodes.cpp,includeInIndex:1,isa:PBXFileReference,lastKnownFileType:sourcecode.cpp.cpp,path:ShadowNodes.cpp,sourceTree:<group>,,isa:PBXBuildFile,settings:COMPILER_FLAGS:-DFOLLY_NO_CONFIG -DFOLLY_MOBILE=1 -DFOLLY_USE_LIBCPP=1 -DFOLLY_CFG_NO_COROUTINES=1 -DFOLLY_HAVE_CLOCK_GETTIME=1 -Wno-comma -Wno-shorten-64-to-32 -Wno-documentation -Wno-nullability-completeness -std=c++20,,
PBXBuildFile -- Pods.xcodeproj/targets/buildConfigurationList:buildConfigurations:baseConfigurationReference:|,buildSettings:|,displayName:|,isa:|,name:|,,baseConfigurationReference:|,buildSettings:|,displayName:|,isa:|,name:|,,defaultConfigurationIsVisible:0,defaultConfigurationName:Release,displayName:ConfigurationList,isa:XCConfigurationList,,buildPhases:buildActionMask:2147483647,displayName:Headers,files:|,|,isa:PBXHeadersBuildPhase,runOnlyForDeploymentPostprocessing:0,,buildActionMask:2147483647,displayName:Sources,files:|,|,isa:PBXSourcesBuildPhase,runOnlyForDeploymentPostprocessing:0,,buildActionMask:2147483647,displayName:Frameworks,files:,isa:PBXFrameworksBuildPhase,runOnlyForDeploymentPostprocessing:0,,buildRules:,dependencies:displayName:RNCAsyncStorage-RNCAsyncStorage_resources,isa:PBXTargetDependency,targetProxy:containerPortal:|,displayName:|,isa:|,proxyType:|,remoteGlobalIDString:|,remoteInfo:|,,,displayName:React-Core,isa:PBXTargetDependency,targetProxy:containerPortal:|,displayName:|,isa:|,proxyType:|,remoteGlobalIDString:|,remoteInfo:|,,,displayName:RCT-Folly,isa:PBXTargetDependency,targetProxy:containerPortal:|,displayName:|,isa:|,proxyType:|,remoteGlobalIDString:|,remoteInfo:|,,,displayName:glog,isa:PBXTargetDependency,targetProxy:containerPortal:|,displayName:|,isa:|,proxyType:|,remoteGlobalIDString:|,remoteInfo:|,,,displayName:React-RCTFabric,isa:PBXTargetDependency,targetProxy:containerPortal:|,displayName:|,isa:|,proxyType:|,remoteGlobalIDString:|,remoteInfo:|,,,displayName:ReactCodegen,isa:PBXTargetDependency,targetProxy:containerPortal:|,displayName:|,isa:|,proxyType:|,remoteGlobalIDString:|,remoteInfo:|,,,displayName:RCTRequired,isa:PBXTargetDependency,targetProxy:containerPortal:|,displayName:|,isa:|,proxyType:|,remoteGlobalIDString:|,remoteInfo:|,,,displayName:RCTTypeSafety,isa:PBXTargetDependency,targetProxy:containerPortal:|,displayName:|,isa:|,proxyType:|,remoteGlobalIDString:|,remoteInfo:|,,,displayName:ReactCommon,isa:PBXTargetDependency,targetProxy:containerPortal:|,displayName:|,isa:|,proxyType:|,remoteGlobalIDString:|,remoteInfo:|,,,displayName:React-NativeModulesApple,isa:PBXTargetDependency,targetProxy:containerPortal:|,displayName:|,isa:|,proxyType:|,remoteGlobalIDString:|,remoteInfo:|,,,displayName:Yoga,isa:PBXTargetDependency,targetProxy:containerPortal:|,displayName:|,isa:|,proxyType:|,remoteGlobalIDString:|,remoteInfo:|,,,displayName:React-Fabric,isa:PBXTargetDependency,targetProxy:containerPortal:|,displayName:|,isa:|,proxyType:|,remoteGlobalIDString:|,remoteInfo:|,,,displayName:React-graphics,isa:PBXTargetDependency,targetProxy:containerPortal:|,displayName:|,isa:|,proxyType:|,remoteGlobalIDString:|,remoteInfo:|,,,displayName:React-utils,isa:PBXTargetDependency,targetProxy:containerPortal:|,displayName:|,isa:|,proxyType:|,remoteGlobalIDString:|,remoteInfo:|,,,displayName:React-featureflags,isa:PBXTargetDependency,targetProxy:containerPortal:|,displayName:|,isa:|,proxyType:|,remoteGlobalIDString:|,remoteInfo:|,,,displayName:React-debug,isa:PBXTargetDependency,targetProxy:containerPortal:|,displayName:|,isa:|,proxyType:|,remoteGlobalIDString:|,remoteInfo:|,,,displayName:React-ImageManager,isa:PBXTargetDependency,targetProxy:containerPortal:|,displayName:|,isa:|,proxyType:|,remoteGlobalIDString:|,remoteInfo:|,,,displayName:React-rendererdebug,isa:PBXTargetDependency,targetProxy:containerPortal:|,displayName:|,isa:|,proxyType:|,remoteGlobalIDString:|,remoteInfo:|,,,displayName:DoubleConversion,isa:PBXTargetDependency,targetProxy:containerPortal:|,displayName:|,isa:|,proxyType:|,remoteGlobalIDString:|,remoteInfo:|,,,displayName:React-jsi,isa:PBXTargetDependency,targetProxy:containerPortal:|,displayName:|,isa:|,proxyType:|,remoteGlobalIDString:|,remoteInfo:|,,,displayName:React-renderercss,isa:PBXTargetDependency,targetProxy:containerPortal:|,displayName:|,isa:|,proxyType:|,remoteGlobalIDString:|,remoteInfo:|,,,displayName:hermes-engine,isa:PBXTargetDependency,targetProxy:containerPortal:|,displayName:|,isa:|,proxyType:|,remoteGlobalIDString:|,remoteInfo:|,,,displayName:React-hermes,isa:PBXTargetDependency,targetProxy:containerPortal:|,displayName:|,isa:|,proxyType:|,remoteGlobalIDString:|,remoteInfo:|,,,displayName:RNCAsyncStorage,fileSystemSynchronizedGroups:,isa:PBXNativeTarget,name:RNCAsyncStorage,packageProductDependencies:,productName:RNCAsyncStorage,productReference:displayName:RNCAsyncStorage,explicitFileType:archive.ar,includeInIndex:0,isa:PBXFileReference,name:RNCAsyncStorage,path:libRNCAsyncStorage.a,sourceTree:BUILT_PRODUCTS_DIR,,productType:com.apple.product-type.library.static,/dependencies/displayName:ReactCodegen,isa:PBXTargetDependency,targetProxy:containerPortal:46EB2E00000000,displayName:ContainerItemProxy,isa:PBXContainerItemProxy,proxyType:1,remoteGlobalIDString:46EB2E0001D660,remoteInfo:ReactCodegen,,/target/buildPhases/buildActionMask:2147483647,displayName:Sources,files:displayName:RCTModuleProviders.mm,fileRef:displayName:|,includeInIndex:|,isa:|,path:|,sourceTree:|,,isa:PBXBuildFile,settings:COMPILER_FLAGS:|,,,displayName:RCTModulesConformingToProtocolsProvider.mm,fileRef:displayName:|,includeInIndex:|,isa:|,path:|,sourceTree:|,,isa:PBXBuildFile,settings:COMPILER_FLAGS:|,,,displayName:RCTThirdPartyComponentsProvider.mm,fileRef:displayName:|,includeInIndex:|,isa:|,path:|,sourceTree:|,,isa:PBXBuildFile,settings:COMPILER_FLAGS:|,,,displayName:ComponentDescriptors.cpp,fileRef:displayName:|,includeInIndex:|,isa:|,lastKnownFileType:|,path:|,sourceTree:|,,isa:PBXBuildFile,settings:COMPILER_FLAGS:|,,,displayName:EventEmitters.cpp,fileRef:displayName:|,includeInIndex:|,isa:|,lastKnownFileType:|,path:|,sourceTree:|,,isa:PBXBuildFile,settings:COMPILER_FLAGS:|,,,displayName:Props.cpp,fileRef:displayName:|,includeInIndex:|,isa:|,lastKnownFileType:|,path:|,sourceTree:|,,isa:PBXBuildFile,settings:COMPILER_FLAGS:|,,,displayName:ShadowNodes.cpp,fileRef:displayName:|,includeInIndex:|,isa:|,lastKnownFileType:|,path:|,sourceTree:|,,isa:PBXBuildFile,settings:COMPILER_FLAGS:|,,,displayName:States.cpp,fileRef:displayName:|,includeInIndex:|,isa:|,lastKnownFileType:|,path:|,sourceTree:|,,isa:PBXBuildFile,settings:COMPILER_FLAGS:|,,,displayName:ComponentDescriptors.cpp,fileRef:displayName:|,includeInIndex:|,isa:|,lastKnownFileType:|,path:|,sourceTree:|,,isa:PBXBuildFile,settings:COMPILER_FLAGS:|,,,displayName:EventEmitters.cpp,fileRef:displayName:|,includeInIndex:|,isa:|,lastKnownFileType:|,path:|,sourceTree:|,,isa:PBXBuildFile,settings:COMPILER_FLAGS:|,,,displayName:Props.cpp,fileRef:displayName:|,includeInIndex:|,isa:|,lastKnownFileType:|,path:|,sourceTree:|,,isa:PBXBuildFile,settings:COMPILER_FLAGS:|,,,displayName:ShadowNodes.cpp,fileRef:displayName:|,includeInIndex:|,isa:|,lastKnownFileType:|,path:|,sourceTree:|,,isa:PBXBuildFile,settings:COMPILER_FLAGS:|,,,displayName:States.cpp,fileRef:displayName:|,includeInIndex:|,isa:|,lastKnownFileType:|,path:|,sourceTree:|,,isa:PBXBuildFile,settings:COMPILER_FLAGS:|,,,displayName:ComponentDescriptors.cpp,fileRef:displayName:|,includeInIndex:|,isa:|,lastKnownFileType:|,path:|,sourceTree:|,,isa:PBXBuildFile,settings:COMPILER_FLAGS:|,,,displayName:EventEmitters.cpp,fileRef:displayName:|,includeInIndex:|,isa:|,lastKnownFileType:|,path:|,sourceTree:|,,isa:PBXBuildFile,settings:COMPILER_FLAGS:|,,,displayName:Props.cpp,fileRef:displayName:|,includeInIndex:|,isa:|,lastKnownFileType:|,path:|,sourceTree:|,,isa:PBXBuildFile,settings:COMPILER_FLAGS:|,,,displayName:ShadowNodes.cpp,fileRef:displayName:|,includeInIndex:|,isa:|,lastKnownFileType:|,path:|,sourceTree:|,,isa:PBXBuildFile,settings:COMPILER_FLAGS:|,,,displayName:States.cpp,fileRef:displayName:|,includeInIndex:|,isa:|,lastKnownFileType:|,path:|,sourceTree:|,,isa:PBXBuildFile,settings:COMPILER_FLAGS:|,,,displayName:rnasyncstorage-generated.mm,fileRef:displayName:|,includeInIndex:|,isa:|,path:|,sourceTree:|,,isa:PBXBuildFile,settings:COMPILER_FLAGS:|,,,displayName:rnasyncstorageJSI-generated.cpp,fileRef:displayName:|,includeInIndex:|,isa:|,lastKnownFileType:|,path:|,sourceTree:|,,isa:PBXBuildFile,settings:COMPILER_FLAGS:|,,,displayName:RNPermissionsSpec-generated.mm,fileRef:displayName:|,includeInIndex:|,isa:|,path:|,sourceTree:|,,isa:PBXBuildFile,settings:COMPILER_FLAGS:|,,,displayName:RNPermissionsSpecJSI-generated.cpp,fileRef:displayName:|,includeInIndex:|,isa:|,lastKnownFileType:|,path:|,sourceTree:|,,isa:PBXBuildFile,settings:COMPILER_FLAGS:|,,,displayName:rnsvg-generated.mm,fileRef:displayName:|,includeInIndex:|,isa:|,path:|,sourceTree:|,,isa:PBXBuildFile,settings:COMPILER_FLAGS:|,,,displayName:rnsvgJSI-generated.cpp,fileRef:displayName:|,includeInIndex:|,isa:|,lastKnownFileType:|,path:|,sourceTree:|,,isa:PBXBuildFile,settings:COMPILER_FLAGS:|,,,displayName:ReactCodegen-dummy.m,fileRef:displayName:|,includeInIndex:|,isa:|,lastKnownFileType:|,path:|,sourceTree:|,,isa:PBXBuildFile,,isa:PBXSourcesBuildPhase,runOnlyForDeploymentPostprocessing:0,/files/displayName:States.cpp,fileRef:displayName:States.cpp,includeInIndex:1,isa:PBXFileReference,lastKnownFileType:sourcecode.cpp.cpp,path:States.cpp,sourceTree:<group>,,isa:PBXBuildFile,settings:COMPILER_FLAGS:-DFOLLY_NO_CONFIG -DFOLLY_MOBILE=1 -DFOLLY_USE_LIBCPP=1 -DFOLLY_CFG_NO_COROUTINES=1 -DFOLLY_HAVE_CLOCK_GETTIME=1 -Wno-comma -Wno-shorten-64-to-32 -Wno-documentation -Wno-nullability-completeness -std=c++20,,
PBXBuildFile -- Pods.xcodeproj/targets/buildConfigurationList:buildConfigurations:baseConfigurationReference:|,buildSettings:|,displayName:|,isa:|,name:|,,baseConfigurationReference:|,buildSettings:|,displayName:|,isa:|,name:|,,defaultConfigurationIsVisible:0,defaultConfigurationName:Release,displayName:ConfigurationList,isa:XCConfigurationList,,buildPhases:buildActionMask:2147483647,displayName:Headers,files:|,|,isa:PBXHeadersBuildPhase,runOnlyForDeploymentPostprocessing:0,,buildActionMask:2147483647,displayName:Sources,files:|,|,isa:PBXSourcesBuildPhase,runOnlyForDeploymentPostprocessing:0,,buildActionMask:2147483647,displayName:Frameworks,files:,isa:PBXFrameworksBuildPhase,runOnlyForDeploymentPostprocessing:0,,buildRules:,dependencies:displayName:RNCAsyncStorage-RNCAsyncStorage_resources,isa:PBXTargetDependency,targetProxy:containerPortal:|,displayName:|,isa:|,proxyType:|,remoteGlobalIDString:|,remoteInfo:|,,,displayName:React-Core,isa:PBXTargetDependency,targetProxy:containerPortal:|,displayName:|,isa:|,proxyType:|,remoteGlobalIDString:|,remoteInfo:|,,,displayName:RCT-Folly,isa:PBXTargetDependency,targetProxy:containerPortal:|,displayName:|,isa:|,proxyType:|,remoteGlobalIDString:|,remoteInfo:|,,,displayName:glog,isa:PBXTargetDependency,targetProxy:containerPortal:|,displayName:|,isa:|,proxyType:|,remoteGlobalIDString:|,remoteInfo:|,,,displayName:React-RCTFabric,isa:PBXTargetDependency,targetProxy:containerPortal:|,displayName:|,isa:|,proxyType:|,remoteGlobalIDString:|,remoteInfo:|,,,displayName:ReactCodegen,isa:PBXTargetDependency,targetProxy:containerPortal:|,displayName:|,isa:|,proxyType:|,remoteGlobalIDString:|,remoteInfo:|,,,displayName:RCTRequired,isa:PBXTargetDependency,targetProxy:containerPortal:|,displayName:|,isa:|,proxyType:|,remoteGlobalIDString:|,remoteInfo:|,,,displayName:RCTTypeSafety,isa:PBXTargetDependency,targetProxy:containerPortal:|,displayName:|,isa:|,proxyType:|,remoteGlobalIDString:|,remoteInfo:|,,,displayName:ReactCommon,isa:PBXTargetDependency,targetProxy:containerPortal:|,displayName:|,isa:|,proxyType:|,remoteGlobalIDString:|,remoteInfo:|,,,displayName:React-NativeModulesApple,isa:PBXTargetDependency,targetProxy:containerPortal:|,displayName:|,isa:|,proxyType:|,remoteGlobalIDString:|,remoteInfo:|,,,displayName:Yoga,isa:PBXTargetDependency,targetProxy:containerPortal:|,displayName:|,isa:|,proxyType:|,remoteGlobalIDString:|,remoteInfo:|,,,displayName:React-Fabric,isa:PBXTargetDependency,targetProxy:containerPortal:|,displayName:|,isa:|,proxyType:|,remoteGlobalIDString:|,remoteInfo:|,,,displayName:React-graphics,isa:PBXTargetDependency,targetProxy:containerPortal:|,displayName:|,isa:|,proxyType:|,remoteGlobalIDString:|,remoteInfo:|,,,displayName:React-utils,isa:PBXTargetDependency,targetProxy:containerPortal:|,displayName:|,isa:|,proxyType:|,remoteGlobalIDString:|,remoteInfo:|,,,displayName:React-featureflags,isa:PBXTargetDependency,targetProxy:containerPortal:|,displayName:|,isa:|,proxyType:|,remoteGlobalIDString:|,remoteInfo:|,,,displayName:React-debug,isa:PBXTargetDependency,targetProxy:containerPortal:|,displayName:|,isa:|,proxyType:|,remoteGlobalIDString:|,remoteInfo:|,,,displayName:React-ImageManager,isa:PBXTargetDependency,targetProxy:containerPortal:|,displayName:|,isa:|,proxyType:|,remoteGlobalIDString:|,remoteInfo:|,,,displayName:React-rendererdebug,isa:PBXTargetDependency,targetProxy:containerPortal:|,displayName:|,isa:|,proxyType:|,remoteGlobalIDString:|,remoteInfo:|,,,displayName:DoubleConversion,isa:PBXTargetDependency,targetProxy:containerPortal:|,displayName:|,isa:|,proxyType:|,remoteGlobalIDString:|,remoteInfo:|,,,displayName:React-jsi,isa:PBXTargetDependency,targetProxy:containerPortal:|,displayName:|,isa:|,proxyType:|,remoteGlobalIDString:|,remoteInfo:|,,,displayName:React-renderercss,isa:PBXTargetDependency,targetProxy:containerPortal:|,displayName:|,isa:|,proxyType:|,remoteGlobalIDString:|,remoteInfo:|,,,displayName:hermes-engine,isa:PBXTargetDependency,targetProxy:containerPortal:|,displayName:|,isa:|,proxyType:|,remoteGlobalIDString:|,remoteInfo:|,,,displayName:React-hermes,isa:PBXTargetDependency,targetProxy:containerPortal:|,displayName:|,isa:|,proxyType:|,remoteGlobalIDString:|,remoteInfo:|,,,displayName:RNCAsyncStorage,fileSystemSynchronizedGroups:,isa:PBXNativeTarget,name:RNCAsyncStorage,packageProductDependencies:,productName:RNCAsyncStorage,productReference:displayName:RNCAsyncStorage,explicitFileType:archive.ar,includeInIndex:0,isa:PBXFileReference,name:RNCAsyncStorage,path:libRNCAsyncStorage.a,sourceTree:BUILT_PRODUCTS_DIR,,productType:com.apple.product-type.library.static,/dependencies/displayName:ReactCodegen,isa:PBXTargetDependency,targetProxy:containerPortal:46EB2E00000000,displayName:ContainerItemProxy,isa:PBXContainerItemProxy,proxyType:1,remoteGlobalIDString:46EB2E0001D660,remoteInfo:ReactCodegen,,/target/buildPhases/buildActionMask:2147483647,displayName:Sources,files:displayName:RCTModuleProviders.mm,fileRef:displayName:|,includeInIndex:|,isa:|,path:|,sourceTree:|,,isa:PBXBuildFile,settings:COMPILER_FLAGS:|,,,displayName:RCTModulesConformingToProtocolsProvider.mm,fileRef:displayName:|,includeInIndex:|,isa:|,path:|,sourceTree:|,,isa:PBXBuildFile,settings:COMPILER_FLAGS:|,,,displayName:RCTThirdPartyComponentsProvider.mm,fileRef:displayName:|,includeInIndex:|,isa:|,path:|,sourceTree:|,,isa:PBXBuildFile,settings:COMPILER_FLAGS:|,,,displayName:ComponentDescriptors.cpp,fileRef:displayName:|,includeInIndex:|,isa:|,lastKnownFileType:|,path:|,sourceTree:|,,isa:PBXBuildFile,settings:COMPILER_FLAGS:|,,,displayName:EventEmitters.cpp,fileRef:displayName:|,includeInIndex:|,isa:|,lastKnownFileType:|,path:|,sourceTree:|,,isa:PBXBuildFile,settings:COMPILER_FLAGS:|,,,displayName:Props.cpp,fileRef:displayName:|,includeInIndex:|,isa:|,lastKnownFileType:|,path:|,sourceTree:|,,isa:PBXBuildFile,settings:COMPILER_FLAGS:|,,,displayName:ShadowNodes.cpp,fileRef:displayName:|,includeInIndex:|,isa:|,lastKnownFileType:|,path:|,sourceTree:|,,isa:PBXBuildFile,settings:COMPILER_FLAGS:|,,,displayName:States.cpp,fileRef:displayName:|,includeInIndex:|,isa:|,lastKnownFileType:|,path:|,sourceTree:|,,isa:PBXBuildFile,settings:COMPILER_FLAGS:|,,,displayName:ComponentDescriptors.cpp,fileRef:displayName:|,includeInIndex:|,isa:|,lastKnownFileType:|,path:|,sourceTree:|,,isa:PBXBuildFile,settings:COMPILER_FLAGS:|,,,displayName:EventEmitters.cpp,fileRef:displayName:|,includeInIndex:|,isa:|,lastKnownFileType:|,path:|,sourceTree:|,,isa:PBXBuildFile,settings:COMPILER_FLAGS:|,,,displayName:Props.cpp,fileRef:displayName:|,includeInIndex:|,isa:|,lastKnownFileType:|,path:|,sourceTree:|,,isa:PBXBuildFile,settings:COMPILER_FLAGS:|,,,displayName:ShadowNodes.cpp,fileRef:displayName:|,includeInIndex:|,isa:|,lastKnownFileType:|,path:|,sourceTree:|,,isa:PBXBuildFile,settings:COMPILER_FLAGS:|,,,displayName:States.cpp,fileRef:displayName:|,includeInIndex:|,isa:|,lastKnownFileType:|,path:|,sourceTree:|,,isa:PBXBuildFile,settings:COMPILER_FLAGS:|,,,displayName:ComponentDescriptors.cpp,fileRef:displayName:|,includeInIndex:|,isa:|,lastKnownFileType:|,path:|,sourceTree:|,,isa:PBXBuildFile,settings:COMPILER_FLAGS:|,,,displayName:EventEmitters.cpp,fileRef:displayName:|,includeInIndex:|,isa:|,lastKnownFileType:|,path:|,sourceTree:|,,isa:PBXBuildFile,settings:COMPILER_FLAGS:|,,,displayName:Props.cpp,fileRef:displayName:|,includeInIndex:|,isa:|,lastKnownFileType:|,path:|,sourceTree:|,,isa:PBXBuildFile,settings:COMPILER_FLAGS:|,,,displayName:ShadowNodes.cpp,fileRef:displayName:|,includeInIndex:|,isa:|,lastKnownFileType:|,path:|,sourceTree:|,,isa:PBXBuildFile,settings:COMPILER_FLAGS:|,,,displayName:States.cpp,fileRef:displayName:|,includeInIndex:|,isa:|,lastKnownFileType:|,path:|,sourceTree:|,,isa:PBXBuildFile,settings:COMPILER_FLAGS:|,,,displayName:rnasyncstorage-generated.mm,fileRef:displayName:|,includeInIndex:|,isa:|,path:|,sourceTree:|,,isa:PBXBuildFile,settings:COMPILER_FLAGS:|,,,displayName:rnasyncstorageJSI-generated.cpp,fileRef:displayName:|,includeInIndex:|,isa:|,lastKnownFileType:|,path:|,sourceTree:|,,isa:PBXBuildFile,settings:COMPILER_FLAGS:|,,,displayName:RNPermissionsSpec-generated.mm,fileRef:displayName:|,includeInIndex:|,isa:|,path:|,sourceTree:|,,isa:PBXBuildFile,settings:COMPILER_FLAGS:|,,,displayName:RNPermissionsSpecJSI-generated.cpp,fileRef:displayName:|,includeInIndex:|,isa:|,lastKnownFileType:|,path:|,sourceTree:|,,isa:PBXBuildFile,settings:COMPILER_FLAGS:|,,,displayName:rnsvg-generated.mm,fileRef:displayName:|,includeInIndex:|,isa:|,path:|,sourceTree:|,,isa:PBXBuildFile,settings:COMPILER_FLAGS:|,,,displayName:rnsvgJSI-generated.cpp,fileRef:displayName:|,includeInIndex:|,isa:|,lastKnownFileType:|,path:|,sourceTree:|,,isa:PBXBuildFile,settings:COMPILER_FLAGS:|,,,displayName:ReactCodegen-dummy.m,fileRef:displayName:|,includeInIndex:|,isa:|,lastKnownFileType:|,path:|,sourceTree:|,,isa:PBXBuildFile,,isa:PBXSourcesBuildPhase,runOnlyForDeploymentPostprocessing:0,/files/displayName:ComponentDescriptors.cpp,fileRef:displayName:ComponentDescriptors.cpp,includeInIndex:1,isa:PBXFileReference,lastKnownFileType:sourcecode.cpp.cpp,path:ComponentDescriptors.cpp,sourceTree:<group>,,isa:PBXBuildFile,settings:COMPILER_FLAGS:-DFOLLY_NO_CONFIG -DFOLLY_MOBILE=1 -DFOLLY_USE_LIBCPP=1 -DFOLLY_CFG_NO_COROUTINES=1 -DFOLLY_HAVE_CLOCK_GETTIME=1 -Wno-comma -Wno-shorten-64-to-32 -Wno-documentation -Wno-nullability-completeness -std=c++20,,
PBXBuildFile -- Pods.xcodeproj/targets/buildConfigurationList:buildConfigurations:baseConfigurationReference:|,buildSettings:|,displayName:|,isa:|,name:|,,baseConfigurationReference:|,buildSettings:|,displayName:|,isa:|,name:|,,defaultConfigurationIsVisible:0,defaultConfigurationName:Release,displayName:ConfigurationList,isa:XCConfigurationList,,buildPhases:buildActionMask:2147483647,displayName:Headers,files:|,|,isa:PBXHeadersBuildPhase,runOnlyForDeploymentPostprocessing:0,,buildActionMask:2147483647,displayName:Sources,files:|,|,isa:PBXSourcesBuildPhase,runOnlyForDeploymentPostprocessing:0,,buildActionMask:2147483647,displayName:Frameworks,files:,isa:PBXFrameworksBuildPhase,runOnlyForDeploymentPostprocessing:0,,buildRules:,dependencies:displayName:RNCAsyncStorage-RNCAsyncStorage_resources,isa:PBXTargetDependency,targetProxy:containerPortal:|,displayName:|,isa:|,proxyType:|,remoteGlobalIDString:|,remoteInfo:|,,,displayName:React-Core,isa:PBXTargetDependency,targetProxy:containerPortal:|,displayName:|,isa:|,proxyType:|,remoteGlobalIDString:|,remoteInfo:|,,,displayName:RCT-Folly,isa:PBXTargetDependency,targetProxy:containerPortal:|,displayName:|,isa:|,proxyType:|,remoteGlobalIDString:|,remoteInfo:|,,,displayName:glog,isa:PBXTargetDependency,targetProxy:containerPortal:|,displayName:|,isa:|,proxyType:|,remoteGlobalIDString:|,remoteInfo:|,,,displayName:React-RCTFabric,isa:PBXTargetDependency,targetProxy:containerPortal:|,displayName:|,isa:|,proxyType:|,remoteGlobalIDString:|,remoteInfo:|,,,displayName:ReactCodegen,isa:PBXTargetDependency,targetProxy:containerPortal:|,displayName:|,isa:|,proxyType:|,remoteGlobalIDString:|,remoteInfo:|,,,displayName:RCTRequired,isa:PBXTargetDependency,targetProxy:containerPortal:|,displayName:|,isa:|,proxyType:|,remoteGlobalIDString:|,remoteInfo:|,,,displayName:RCTTypeSafety,isa:PBXTargetDependency,targetProxy:containerPortal:|,displayName:|,isa:|,proxyType:|,remoteGlobalIDString:|,remoteInfo:|,,,displayName:ReactCommon,isa:PBXTargetDependency,targetProxy:containerPortal:|,displayName:|,isa:|,proxyType:|,remoteGlobalIDString:|,remoteInfo:|,,,displayName:React-NativeModulesApple,isa:PBXTargetDependency,targetProxy:containerPortal:|,displayName:|,isa:|,proxyType:|,remoteGlobalIDString:|,remoteInfo:|,,,displayName:Yoga,isa:PBXTargetDependency,targetProxy:containerPortal:|,displayName:|,isa:|,proxyType:|,remoteGlobalIDString:|,remoteInfo:|,,,displayName:React-Fabric,isa:PBXTargetDependency,targetProxy:containerPortal:|,displayName:|,isa:|,proxyType:|,remoteGlobalIDString:|,remoteInfo:|,,,displayName:React-graphics,isa:PBXTargetDependency,targetProxy:containerPortal:|,displayName:|,isa:|,proxyType:|,remoteGlobalIDString:|,remoteInfo:|,,,displayName:React-utils,isa:PBXTargetDependency,targetProxy:containerPortal:|,displayName:|,isa:|,proxyType:|,remoteGlobalIDString:|,remoteInfo:|,,,displayName:React-featureflags,isa:PBXTargetDependency,targetProxy:containerPortal:|,displayName:|,isa:|,proxyType:|,remoteGlobalIDString:|,remoteInfo:|,,,displayName:React-debug,isa:PBXTargetDependency,targetProxy:containerPortal:|,displayName:|,isa:|,proxyType:|,remoteGlobalIDString:|,remoteInfo:|,,,displayName:React-ImageManager,isa:PBXTargetDependency,targetProxy:containerPortal:|,displayName:|,isa:|,proxyType:|,remoteGlobalIDString:|,remoteInfo:|,,,displayName:React-rendererdebug,isa:PBXTargetDependency,targetProxy:containerPortal:|,displayName:|,isa:|,proxyType:|,remoteGlobalIDString:|,remoteInfo:|,,,displayName:DoubleConversion,isa:PBXTargetDependency,targetProxy:containerPortal:|,displayName:|,isa:|,proxyType:|,remoteGlobalIDString:|,remoteInfo:|,,,displayName:React-jsi,isa:PBXTargetDependency,targetProxy:containerPortal:|,displayName:|,isa:|,proxyType:|,remoteGlobalIDString:|,remoteInfo:|,,,displayName:React-renderercss,isa:PBXTargetDependency,targetProxy:containerPortal:|,displayName:|,isa:|,proxyType:|,remoteGlobalIDString:|,remoteInfo:|,,,displayName:hermes-engine,isa:PBXTargetDependency,targetProxy:containerPortal:|,displayName:|,isa:|,proxyType:|,remoteGlobalIDString:|,remoteInfo:|,,,displayName:React-hermes,isa:PBXTargetDependency,targetProxy:containerPortal:|,displayName:|,isa:|,proxyType:|,remoteGlobalIDString:|,remoteInfo:|,,,displayName:RNCAsyncStorage,fileSystemSynchronizedGroups:,isa:PBXNativeTarget,name:RNCAsyncStorage,packageProductDependencies:,productName:RNCAsyncStorage,productReference:displayName:RNCAsyncStorage,explicitFileType:archive.ar,includeInIndex:0,isa:PBXFileReference,name:RNCAsyncStorage,path:libRNCAsyncStorage.a,sourceTree:BUILT_PRODUCTS_DIR,,productType:com.apple.product-type.library.static,/dependencies/displayName:ReactCodegen,isa:PBXTargetDependency,targetProxy:containerPortal:46EB2E00000000,displayName:ContainerItemProxy,isa:PBXContainerItemProxy,proxyType:1,remoteGlobalIDString:46EB2E0001D660,remoteInfo:ReactCodegen,,/target/buildPhases/buildActionMask:2147483647,displayName:Sources,files:displayName:RCTModuleProviders.mm,fileRef:displayName:|,includeInIndex:|,isa:|,path:|,sourceTree:|,,isa:PBXBuildFile,settings:COMPILER_FLAGS:|,,,displayName:RCTModulesConformingToProtocolsProvider.mm,fileRef:displayName:|,includeInIndex:|,isa:|,path:|,sourceTree:|,,isa:PBXBuildFile,settings:COMPILER_FLAGS:|,,,displayName:RCTThirdPartyComponentsProvider.mm,fileRef:displayName:|,includeInIndex:|,isa:|,path:|,sourceTree:|,,isa:PBXBuildFile,settings:COMPILER_FLAGS:|,,,displayName:ComponentDescriptors.cpp,fileRef:displayName:|,includeInIndex:|,isa:|,lastKnownFileType:|,path:|,sourceTree:|,,isa:PBXBuildFile,settings:COMPILER_FLAGS:|,,,displayName:EventEmitters.cpp,fileRef:displayName:|,includeInIndex:|,isa:|,lastKnownFileType:|,path:|,sourceTree:|,,isa:PBXBuildFile,settings:COMPILER_FLAGS:|,,,displayName:Props.cpp,fileRef:displayName:|,includeInIndex:|,isa:|,lastKnownFileType:|,path:|,sourceTree:|,,isa:PBXBuildFile,settings:COMPILER_FLAGS:|,,,displayName:ShadowNodes.cpp,fileRef:displayName:|,includeInIndex:|,isa:|,lastKnownFileType:|,path:|,sourceTree:|,,isa:PBXBuildFile,settings:COMPILER_FLAGS:|,,,displayName:States.cpp,fileRef:displayName:|,includeInIndex:|,isa:|,lastKnownFileType:|,path:|,sourceTree:|,,isa:PBXBuildFile,settings:COMPILER_FLAGS:|,,,displayName:ComponentDescriptors.cpp,fileRef:displayName:|,includeInIndex:|,isa:|,lastKnownFileType:|,path:|,sourceTree:|,,isa:PBXBuildFile,settings:COMPILER_FLAGS:|,,,displayName:EventEmitters.cpp,fileRef:displayName:|,includeInIndex:|,isa:|,lastKnownFileType:|,path:|,sourceTree:|,,isa:PBXBuildFile,settings:COMPILER_FLAGS:|,,,displayName:Props.cpp,fileRef:displayName:|,includeInIndex:|,isa:|,lastKnownFileType:|,path:|,sourceTree:|,,isa:PBXBuildFile,settings:COMPILER_FLAGS:|,,,displayName:ShadowNodes.cpp,fileRef:displayName:|,includeInIndex:|,isa:|,lastKnownFileType:|,path:|,sourceTree:|,,isa:PBXBuildFile,settings:COMPILER_FLAGS:|,,,displayName:States.cpp,fileRef:displayName:|,includeInIndex:|,isa:|,lastKnownFileType:|,path:|,sourceTree:|,,isa:PBXBuildFile,settings:COMPILER_FLAGS:|,,,displayName:ComponentDescriptors.cpp,fileRef:displayName:|,includeInIndex:|,isa:|,lastKnownFileType:|,path:|,sourceTree:|,,isa:PBXBuildFile,settings:COMPILER_FLAGS:|,,,displayName:EventEmitters.cpp,fileRef:displayName:|,includeInIndex:|,isa:|,lastKnownFileType:|,path:|,sourceTree:|,,isa:PBXBuildFile,settings:COMPILER_FLAGS:|,,,displayName:Props.cpp,fileRef:displayName:|,includeInIndex:|,isa:|,lastKnownFileType:|,path:|,sourceTree:|,,isa:PBXBuildFile,settings:COMPILER_FLAGS:|,,,displayName:ShadowNodes.cpp,fileRef:displayName:|,includeInIndex:|,isa:|,lastKnownFileType:|,path:|,sourceTree:|,,isa:PBXBuildFile,settings:COMPILER_FLAGS:|,,,displayName:States.cpp,fileRef:displayName:|,includeInIndex:|,isa:|,lastKnownFileType:|,path:|,sourceTree:|,,isa:PBXBuildFile,settings:COMPILER_FLAGS:|,,,displayName:rnasyncstorage-generated.mm,fileRef:displayName:|,includeInIndex:|,isa:|,path:|,sourceTree:|,,isa:PBXBuildFile,settings:COMPILER_FLAGS:|,,,displayName:rnasyncstorageJSI-generated.cpp,fileRef:displayName:|,includeInIndex:|,isa:|,lastKnownFileType:|,path:|,sourceTree:|,,isa:PBXBuildFile,settings:COMPILER_FLAGS:|,,,displayName:RNPermissionsSpec-generated.mm,fileRef:displayName:|,includeInIndex:|,isa:|,path:|,sourceTree:|,,isa:PBXBuildFile,settings:COMPILER_FLAGS:|,,,displayName:RNPermissionsSpecJSI-generated.cpp,fileRef:displayName:|,includeInIndex:|,isa:|,lastKnownFileType:|,path:|,sourceTree:|,,isa:PBXBuildFile,settings:COMPILER_FLAGS:|,,,displayName:rnsvg-generated.mm,fileRef:displayName:|,includeInIndex:|,isa:|,path:|,sourceTree:|,,isa:PBXBuildFile,settings:COMPILER_FLAGS:|,,,displayName:rnsvgJSI-generated.cpp,fileRef:displayName:|,includeInIndex:|,isa:|,lastKnownFileType:|,path:|,sourceTree:|,,isa:PBXBuildFile,settings:COMPILER_FLAGS:|,,,displayName:ReactCodegen-dummy.m,fileRef:displayName:|,includeInIndex:|,isa:|,lastKnownFileType:|,path:|,sourceTree:|,,isa:PBXBuildFile,,isa:PBXSourcesBuildPhase,runOnlyForDeploymentPostprocessing:0,/files/displayName:EventEmitters.cpp,fileRef:displayName:EventEmitters.cpp,includeInIndex:1,isa:PBXFileReference,lastKnownFileType:sourcecode.cpp.cpp,path:EventEmitters.cpp,sourceTree:<group>,,isa:PBXBuildFile,settings:COMPILER_FLAGS:-DFOLLY_NO_CONFIG -DFOLLY_MOBILE=1 -DFOLLY_USE_LIBCPP=1 -DFOLLY_CFG_NO_COROUTINES=1 -DFOLLY_HAVE_CLOCK_GETTIME=1 -Wno-comma -Wno-shorten-64-to-32 -Wno-documentation -Wno-nullability-completeness -std=c++20,,
PBXBuildFile -- Pods.xcodeproj/targets/buildConfigurationList:buildConfigurations:baseConfigurationReference:|,buildSettings:|,displayName:|,isa:|,name:|,,baseConfigurationReference:|,buildSettings:|,displayName:|,isa:|,name:|,,defaultConfigurationIsVisible:0,defaultConfigurationName:Release,displayName:ConfigurationList,isa:XCConfigurationList,,buildPhases:buildActionMask:2147483647,displayName:Headers,files:|,|,isa:PBXHeadersBuildPhase,runOnlyForDeploymentPostprocessing:0,,buildActionMask:2147483647,displayName:Sources,files:|,|,isa:PBXSourcesBuildPhase,runOnlyForDeploymentPostprocessing:0,,buildActionMask:2147483647,displayName:Frameworks,files:,isa:PBXFrameworksBuildPhase,runOnlyForDeploymentPostprocessing:0,,buildRules:,dependencies:displayName:RNCAsyncStorage-RNCAsyncStorage_resources,isa:PBXTargetDependency,targetProxy:containerPortal:|,displayName:|,isa:|,proxyType:|,remoteGlobalIDString:|,remoteInfo:|,,,displayName:React-Core,isa:PBXTargetDependency,targetProxy:containerPortal:|,displayName:|,isa:|,proxyType:|,remoteGlobalIDString:|,remoteInfo:|,,,displayName:RCT-Folly,isa:PBXTargetDependency,targetProxy:containerPortal:|,displayName:|,isa:|,proxyType:|,remoteGlobalIDString:|,remoteInfo:|,,,displayName:glog,isa:PBXTargetDependency,targetProxy:containerPortal:|,displayName:|,isa:|,proxyType:|,remoteGlobalIDString:|,remoteInfo:|,,,displayName:React-RCTFabric,isa:PBXTargetDependency,targetProxy:containerPortal:|,displayName:|,isa:|,proxyType:|,remoteGlobalIDString:|,remoteInfo:|,,,displayName:ReactCodegen,isa:PBXTargetDependency,targetProxy:containerPortal:|,displayName:|,isa:|,proxyType:|,remoteGlobalIDString:|,remoteInfo:|,,,displayName:RCTRequired,isa:PBXTargetDependency,targetProxy:containerPortal:|,displayName:|,isa:|,proxyType:|,remoteGlobalIDString:|,remoteInfo:|,,,displayName:RCTTypeSafety,isa:PBXTargetDependency,targetProxy:containerPortal:|,displayName:|,isa:|,proxyType:|,remoteGlobalIDString:|,remoteInfo:|,,,displayName:ReactCommon,isa:PBXTargetDependency,targetProxy:containerPortal:|,displayName:|,isa:|,proxyType:|,remoteGlobalIDString:|,remoteInfo:|,,,displayName:React-NativeModulesApple,isa:PBXTargetDependency,targetProxy:containerPortal:|,displayName:|,isa:|,proxyType:|,remoteGlobalIDString:|,remoteInfo:|,,,displayName:Yoga,isa:PBXTargetDependency,targetProxy:containerPortal:|,displayName:|,isa:|,proxyType:|,remoteGlobalIDString:|,remoteInfo:|,,,displayName:React-Fabric,isa:PBXTargetDependency,targetProxy:containerPortal:|,displayName:|,isa:|,proxyType:|,remoteGlobalIDString:|,remoteInfo:|,,,displayName:React-graphics,isa:PBXTargetDependency,targetProxy:containerPortal:|,displayName:|,isa:|,proxyType:|,remoteGlobalIDString:|,remoteInfo:|,,,displayName:React-utils,isa:PBXTargetDependency,targetProxy:containerPortal:|,displayName:|,isa:|,proxyType:|,remoteGlobalIDString:|,remoteInfo:|,,,displayName:React-featureflags,isa:PBXTargetDependency,targetProxy:containerPortal:|,displayName:|,isa:|,proxyType:|,remoteGlobalIDString:|,remoteInfo:|,,,displayName:React-debug,isa:PBXTargetDependency,targetProxy:containerPortal:|,displayName:|,isa:|,proxyType:|,remoteGlobalIDString:|,remoteInfo:|,,,displayName:React-ImageManager,isa:PBXTargetDependency,targetProxy:containerPortal:|,displayName:|,isa:|,proxyType:|,remoteGlobalIDString:|,remoteInfo:|,,,displayName:React-rendererdebug,isa:PBXTargetDependency,targetProxy:containerPortal:|,displayName:|,isa:|,proxyType:|,remoteGlobalIDString:|,remoteInfo:|,,,displayName:DoubleConversion,isa:PBXTargetDependency,targetProxy:containerPortal:|,displayName:|,isa:|,proxyType:|,remoteGlobalIDString:|,remoteInfo:|,,,displayName:React-jsi,isa:PBXTargetDependency,targetProxy:containerPortal:|,displayName:|,isa:|,proxyType:|,remoteGlobalIDString:|,remoteInfo:|,,,displayName:React-renderercss,isa:PBXTargetDependency,targetProxy:containerPortal:|,displayName:|,isa:|,proxyType:|,remoteGlobalIDString:|,remoteInfo:|,,,displayName:hermes-engine,isa:PBXTargetDependency,targetProxy:containerPortal:|,displayName:|,isa:|,proxyType:|,remoteGlobalIDString:|,remoteInfo:|,,,displayName:React-hermes,isa:PBXTargetDependency,targetProxy:containerPortal:|,displayName:|,isa:|,proxyType:|,remoteGlobalIDString:|,remoteInfo:|,,,displayName:RNCAsyncStorage,fileSystemSynchronizedGroups:,isa:PBXNativeTarget,name:RNCAsyncStorage,packageProductDependencies:,productName:RNCAsyncStorage,productReference:displayName:RNCAsyncStorage,explicitFileType:archive.ar,includeInIndex:0,isa:PBXFileReference,name:RNCAsyncStorage,path:libRNCAsyncStorage.a,sourceTree:BUILT_PRODUCTS_DIR,,productType:com.apple.product-type.library.static,/dependencies/displayName:ReactCodegen,isa:PBXTargetDependency,targetProxy:containerPortal:46EB2E00000000,displayName:ContainerItemProxy,isa:PBXContainerItemProxy,proxyType:1,remoteGlobalIDString:46EB2E0001D660,remoteInfo:ReactCodegen,,/target/buildPhases/buildActionMask:2147483647,displayName:Sources,files:displayName:RCTModuleProviders.mm,fileRef:displayName:|,includeInIndex:|,isa:|,path:|,sourceTree:|,,isa:PBXBuildFile,settings:COMPILER_FLAGS:|,,,displayName:RCTModulesConformingToProtocolsProvider.mm,fileRef:displayName:|,includeInIndex:|,isa:|,path:|,sourceTree:|,,isa:PBXBuildFile,settings:COMPILER_FLAGS:|,,,displayName:RCTThirdPartyComponentsProvider.mm,fileRef:displayName:|,includeInIndex:|,isa:|,path:|,sourceTree:|,,isa:PBXBuildFile,settings:COMPILER_FLAGS:|,,,displayName:ComponentDescriptors.cpp,fileRef:displayName:|,includeInIndex:|,isa:|,lastKnownFileType:|,path:|,sourceTree:|,,isa:PBXBuildFile,settings:COMPILER_FLAGS:|,,,displayName:EventEmitters.cpp,fileRef:displayName:|,includeInIndex:|,isa:|,lastKnownFileType:|,path:|,sourceTree:|,,isa:PBXBuildFile,settings:COMPILER_FLAGS:|,,,displayName:Props.cpp,fileRef:displayName:|,includeInIndex:|,isa:|,lastKnownFileType:|,path:|,sourceTree:|,,isa:PBXBuildFile,settings:COMPILER_FLAGS:|,,,displayName:ShadowNodes.cpp,fileRef:displayName:|,includeInIndex:|,isa:|,lastKnownFileType:|,path:|,sourceTree:|,,isa:PBXBuildFile,settings:COMPILER_FLAGS:|,,,displayName:States.cpp,fileRef:displayName:|,includeInIndex:|,isa:|,lastKnownFileType:|,path:|,sourceTree:|,,isa:PBXBuildFile,settings:COMPILER_FLAGS:|,,,displayName:ComponentDescriptors.cpp,fileRef:displayName:|,includeInIndex:|,isa:|,lastKnownFileType:|,path:|,sourceTree:|,,isa:PBXBuildFile,settings:COMPILER_FLAGS:|,,,displayName:EventEmitters.cpp,fileRef:displayName:|,includeInIndex:|,isa:|,lastKnownFileType:|,path:|,sourceTree:|,,isa:PBXBuildFile,settings:COMPILER_FLAGS:|,,,displayName:Props.cpp,fileRef:displayName:|,includeInIndex:|,isa:|,lastKnownFileType:|,path:|,sourceTree:|,,isa:PBXBuildFile,settings:COMPILER_FLAGS:|,,,displayName:ShadowNodes.cpp,fileRef:displayName:|,includeInIndex:|,isa:|,lastKnownFileType:|,path:|,sourceTree:|,,isa:PBXBuildFile,settings:COMPILER_FLAGS:|,,,displayName:States.cpp,fileRef:displayName:|,includeInIndex:|,isa:|,lastKnownFileType:|,path:|,sourceTree:|,,isa:PBXBuildFile,settings:COMPILER_FLAGS:|,,,displayName:ComponentDescriptors.cpp,fileRef:displayName:|,includeInIndex:|,isa:|,lastKnownFileType:|,path:|,sourceTree:|,,isa:PBXBuildFile,settings:COMPILER_FLAGS:|,,,displayName:EventEmitters.cpp,fileRef:displayName:|,includeInIndex:|,isa:|,lastKnownFileType:|,path:|,sourceTree:|,,isa:PBXBuildFile,settings:COMPILER_FLAGS:|,,,displayName:Props.cpp,fileRef:displayName:|,includeInIndex:|,isa:|,lastKnownFileType:|,path:|,sourceTree:|,,isa:PBXBuildFile,settings:COMPILER_FLAGS:|,,,displayName:ShadowNodes.cpp,fileRef:displayName:|,includeInIndex:|,isa:|,lastKnownFileType:|,path:|,sourceTree:|,,isa:PBXBuildFile,settings:COMPILER_FLAGS:|,,,displayName:States.cpp,fileRef:displayName:|,includeInIndex:|,isa:|,lastKnownFileType:|,path:|,sourceTree:|,,isa:PBXBuildFile,settings:COMPILER_FLAGS:|,,,displayName:rnasyncstorage-generated.mm,fileRef:displayName:|,includeInIndex:|,isa:|,path:|,sourceTree:|,,isa:PBXBuildFile,settings:COMPILER_FLAGS:|,,,displayName:rnasyncstorageJSI-generated.cpp,fileRef:displayName:|,includeInIndex:|,isa:|,lastKnownFileType:|,path:|,sourceTree:|,,isa:PBXBuildFile,settings:COMPILER_FLAGS:|,,,displayName:RNPermissionsSpec-generated.mm,fileRef:displayName:|,includeInIndex:|,isa:|,path:|,sourceTree:|,,isa:PBXBuildFile,settings:COMPILER_FLAGS:|,,,displayName:RNPermissionsSpecJSI-generated.cpp,fileRef:displayName:|,includeInIndex:|,isa:|,lastKnownFileType:|,path:|,sourceTree:|,,isa:PBXBuildFile,settings:COMPILER_FLAGS:|,,,displayName:rnsvg-generated.mm,fileRef:displayName:|,includeInIndex:|,isa:|,path:|,sourceTree:|,,isa:PBXBuildFile,settings:COMPILER_FLAGS:|,,,displayName:rnsvgJSI-generated.cpp,fileRef:displayName:|,includeInIndex:|,isa:|,lastKnownFileType:|,path:|,sourceTree:|,,isa:PBXBuildFile,settings:COMPILER_FLAGS:|,,,displayName:ReactCodegen-dummy.m,fileRef:displayName:|,includeInIndex:|,isa:|,lastKnownFileType:|,path:|,sourceTree:|,,isa:PBXBuildFile,,isa:PBXSourcesBuildPhase,runOnlyForDeploymentPostprocessing:0,/files/displayName:Props.cpp,fileRef:displayName:Props.cpp,includeInIndex:1,isa:PBXFileReference,lastKnownFileType:sourcecode.cpp.cpp,path:Props.cpp,sourceTree:<group>,,isa:PBXBuildFile,settings:COMPILER_FLAGS:-DFOLLY_NO_CONFIG -DFOLLY_MOBILE=1 -DFOLLY_USE_LIBCPP=1 -DFOLLY_CFG_NO_COROUTINES=1 -DFOLLY_HAVE_CLOCK_GETTIME=1 -Wno-comma -Wno-shorten-64-to-32 -Wno-documentation -Wno-nullability-completeness -std=c++20,,
PBXBuildFile -- Pods.xcodeproj/targets/buildConfigurationList:buildConfigurations:baseConfigurationReference:|,buildSettings:|,displayName:|,isa:|,name:|,,baseConfigurationReference:|,buildSettings:|,displayName:|,isa:|,name:|,,defaultConfigurationIsVisible:0,defaultConfigurationName:Release,displayName:ConfigurationList,isa:XCConfigurationList,,buildPhases:buildActionMask:2147483647,displayName:Headers,files:|,|,isa:PBXHeadersBuildPhase,runOnlyForDeploymentPostprocessing:0,,buildActionMask:2147483647,displayName:Sources,files:|,|,isa:PBXSourcesBuildPhase,runOnlyForDeploymentPostprocessing:0,,buildActionMask:2147483647,displayName:Frameworks,files:,isa:PBXFrameworksBuildPhase,runOnlyForDeploymentPostprocessing:0,,buildRules:,dependencies:displayName:RNCAsyncStorage-RNCAsyncStorage_resources,isa:PBXTargetDependency,targetProxy:containerPortal:|,displayName:|,isa:|,proxyType:|,remoteGlobalIDString:|,remoteInfo:|,,,displayName:React-Core,isa:PBXTargetDependency,targetProxy:containerPortal:|,displayName:|,isa:|,proxyType:|,remoteGlobalIDString:|,remoteInfo:|,,,displayName:RCT-Folly,isa:PBXTargetDependency,targetProxy:containerPortal:|,displayName:|,isa:|,proxyType:|,remoteGlobalIDString:|,remoteInfo:|,,,displayName:glog,isa:PBXTargetDependency,targetProxy:containerPortal:|,displayName:|,isa:|,proxyType:|,remoteGlobalIDString:|,remoteInfo:|,,,displayName:React-RCTFabric,isa:PBXTargetDependency,targetProxy:containerPortal:|,displayName:|,isa:|,proxyType:|,remoteGlobalIDString:|,remoteInfo:|,,,displayName:ReactCodegen,isa:PBXTargetDependency,targetProxy:containerPortal:|,displayName:|,isa:|,proxyType:|,remoteGlobalIDString:|,remoteInfo:|,,,displayName:RCTRequired,isa:PBXTargetDependency,targetProxy:containerPortal:|,displayName:|,isa:|,proxyType:|,remoteGlobalIDString:|,remoteInfo:|,,,displayName:RCTTypeSafety,isa:PBXTargetDependency,targetProxy:containerPortal:|,displayName:|,isa:|,proxyType:|,remoteGlobalIDString:|,remoteInfo:|,,,displayName:ReactCommon,isa:PBXTargetDependency,targetProxy:containerPortal:|,displayName:|,isa:|,proxyType:|,remoteGlobalIDString:|,remoteInfo:|,,,displayName:React-NativeModulesApple,isa:PBXTargetDependency,targetProxy:containerPortal:|,displayName:|,isa:|,proxyType:|,remoteGlobalIDString:|,remoteInfo:|,,,displayName:Yoga,isa:PBXTargetDependency,targetProxy:containerPortal:|,displayName:|,isa:|,proxyType:|,remoteGlobalIDString:|,remoteInfo:|,,,displayName:React-Fabric,isa:PBXTargetDependency,targetProxy:containerPortal:|,displayName:|,isa:|,proxyType:|,remoteGlobalIDString:|,remoteInfo:|,,,displayName:React-graphics,isa:PBXTargetDependency,targetProxy:containerPortal:|,displayName:|,isa:|,proxyType:|,remoteGlobalIDString:|,remoteInfo:|,,,displayName:React-utils,isa:PBXTargetDependency,targetProxy:containerPortal:|,displayName:|,isa:|,proxyType:|,remoteGlobalIDString:|,remoteInfo:|,,,displayName:React-featureflags,isa:PBXTargetDependency,targetProxy:containerPortal:|,displayName:|,isa:|,proxyType:|,remoteGlobalIDString:|,remoteInfo:|,,,displayName:React-debug,isa:PBXTargetDependency,targetProxy:containerPortal:|,displayName:|,isa:|,proxyType:|,remoteGlobalIDString:|,remoteInfo:|,,,displayName:React-ImageManager,isa:PBXTargetDependency,targetProxy:containerPortal:|,displayName:|,isa:|,proxyType:|,remoteGlobalIDString:|,remoteInfo:|,,,displayName:React-rendererdebug,isa:PBXTargetDependency,targetProxy:containerPortal:|,displayName:|,isa:|,proxyType:|,remoteGlobalIDString:|,remoteInfo:|,,,displayName:DoubleConversion,isa:PBXTargetDependency,targetProxy:containerPortal:|,displayName:|,isa:|,proxyType:|,remoteGlobalIDString:|,remoteInfo:|,,,displayName:React-jsi,isa:PBXTargetDependency,targetProxy:containerPortal:|,displayName:|,isa:|,proxyType:|,remoteGlobalIDString:|,remoteInfo:|,,,displayName:React-renderercss,isa:PBXTargetDependency,targetProxy:containerPortal:|,displayName:|,isa:|,proxyType:|,remoteGlobalIDString:|,remoteInfo:|,,,displayName:hermes-engine,isa:PBXTargetDependency,targetProxy:containerPortal:|,displayName:|,isa:|,proxyType:|,remoteGlobalIDString:|,remoteInfo:|,,,displayName:React-hermes,isa:PBXTargetDependency,targetProxy:containerPortal:|,displayName:|,isa:|,proxyType:|,remoteGlobalIDString:|,remoteInfo:|,,,displayName:RNCAsyncStorage,fileSystemSynchronizedGroups:,isa:PBXNativeTarget,name:RNCAsyncStorage,packageProductDependencies:,productName:RNCAsyncStorage,productReference:displayName:RNCAsyncStorage,explicitFileType:archive.ar,includeInIndex:0,isa:PBXFileReference,name:RNCAsyncStorage,path:libRNCAsyncStorage.a,sourceTree:BUILT_PRODUCTS_DIR,,productType:com.apple.product-type.library.static,/dependencies/displayName:ReactCodegen,isa:PBXTargetDependency,targetProxy:containerPortal:46EB2E00000000,displayName:ContainerItemProxy,isa:PBXContainerItemProxy,proxyType:1,remoteGlobalIDString:46EB2E0001D660,remoteInfo:ReactCodegen,,/target/buildPhases/buildActionMask:2147483647,displayName:Sources,files:displayName:RCTModuleProviders.mm,fileRef:displayName:|,includeInIndex:|,isa:|,path:|,sourceTree:|,,isa:PBXBuildFile,settings:COMPILER_FLAGS:|,,,displayName:RCTModulesConformingToProtocolsProvider.mm,fileRef:displayName:|,includeInIndex:|,isa:|,path:|,sourceTree:|,,isa:PBXBuildFile,settings:COMPILER_FLAGS:|,,,displayName:RCTThirdPartyComponentsProvider.mm,fileRef:displayName:|,includeInIndex:|,isa:|,path:|,sourceTree:|,,isa:PBXBuildFile,settings:COMPILER_FLAGS:|,,,displayName:ComponentDescriptors.cpp,fileRef:displayName:|,includeInIndex:|,isa:|,lastKnownFileType:|,path:|,sourceTree:|,,isa:PBXBuildFile,settings:COMPILER_FLAGS:|,,,displayName:EventEmitters.cpp,fileRef:displayName:|,includeInIndex:|,isa:|,lastKnownFileType:|,path:|,sourceTree:|,,isa:PBXBuildFile,settings:COMPILER_FLAGS:|,,,displayName:Props.cpp,fileRef:displayName:|,includeInIndex:|,isa:|,lastKnownFileType:|,path:|,sourceTree:|,,isa:PBXBuildFile,settings:COMPILER_FLAGS:|,,,displayName:ShadowNodes.cpp,fileRef:displayName:|,includeInIndex:|,isa:|,lastKnownFileType:|,path:|,sourceTree:|,,isa:PBXBuildFile,settings:COMPILER_FLAGS:|,,,displayName:States.cpp,fileRef:displayName:|,includeInIndex:|,isa:|,lastKnownFileType:|,path:|,sourceTree:|,,isa:PBXBuildFile,settings:COMPILER_FLAGS:|,,,displayName:ComponentDescriptors.cpp,fileRef:displayName:|,includeInIndex:|,isa:|,lastKnownFileType:|,path:|,sourceTree:|,,isa:PBXBuildFile,settings:COMPILER_FLAGS:|,,,displayName:EventEmitters.cpp,fileRef:displayName:|,includeInIndex:|,isa:|,lastKnownFileType:|,path:|,sourceTree:|,,isa:PBXBuildFile,settings:COMPILER_FLAGS:|,,,displayName:Props.cpp,fileRef:displayName:|,includeInIndex:|,isa:|,lastKnownFileType:|,path:|,sourceTree:|,,isa:PBXBuildFile,settings:COMPILER_FLAGS:|,,,displayName:ShadowNodes.cpp,fileRef:displayName:|,includeInIndex:|,isa:|,lastKnownFileType:|,path:|,sourceTree:|,,isa:PBXBuildFile,settings:COMPILER_FLAGS:|,,,displayName:States.cpp,fileRef:displayName:|,includeInIndex:|,isa:|,lastKnownFileType:|,path:|,sourceTree:|,,isa:PBXBuildFile,settings:COMPILER_FLAGS:|,,,displayName:ComponentDescriptors.cpp,fileRef:displayName:|,includeInIndex:|,isa:|,lastKnownFileType:|,path:|,sourceTree:|,,isa:PBXBuildFile,settings:COMPILER_FLAGS:|,,,displayName:EventEmitters.cpp,fileRef:displayName:|,includeInIndex:|,isa:|,lastKnownFileType:|,path:|,sourceTree:|,,isa:PBXBuildFile,settings:COMPILER_FLAGS:|,,,displayName:Props.cpp,fileRef:displayName:|,includeInIndex:|,isa:|,lastKnownFileType:|,path:|,sourceTree:|,,isa:PBXBuildFile,settings:COMPILER_FLAGS:|,,,displayName:ShadowNodes.cpp,fileRef:displayName:|,includeInIndex:|,isa:|,lastKnownFileType:|,path:|,sourceTree:|,,isa:PBXBuildFile,settings:COMPILER_FLAGS:|,,,displayName:States.cpp,fileRef:displayName:|,includeInIndex:|,isa:|,lastKnownFileType:|,path:|,sourceTree:|,,isa:PBXBuildFile,settings:COMPILER_FLAGS:|,,,displayName:rnasyncstorage-generated.mm,fileRef:displayName:|,includeInIndex:|,isa:|,path:|,sourceTree:|,,isa:PBXBuildFile,settings:COMPILER_FLAGS:|,,,displayName:rnasyncstorageJSI-generated.cpp,fileRef:displayName:|,includeInIndex:|,isa:|,lastKnownFileType:|,path:|,sourceTree:|,,isa:PBXBuildFile,settings:COMPILER_FLAGS:|,,,displayName:RNPermissionsSpec-generated.mm,fileRef:displayName:|,includeInIndex:|,isa:|,path:|,sourceTree:|,,isa:PBXBuildFile,settings:COMPILER_FLAGS:|,,,displayName:RNPermissionsSpecJSI-generated.cpp,fileRef:displayName:|,includeInIndex:|,isa:|,lastKnownFileType:|,path:|,sourceTree:|,,isa:PBXBuildFile,settings:COMPILER_FLAGS:|,,,displayName:rnsvg-generated.mm,fileRef:displayName:|,includeInIndex:|,isa:|,path:|,sourceTree:|,,isa:PBXBuildFile,settings:COMPILER_FLAGS:|,,,displayName:rnsvgJSI-generated.cpp,fileRef:displayName:|,includeInIndex:|,isa:|,lastKnownFileType:|,path:|,sourceTree:|,,isa:PBXBuildFile,settings:COMPILER_FLAGS:|,,,displayName:ReactCodegen-dummy.m,fileRef:displayName:|,includeInIndex:|,isa:|,lastKnownFileType:|,path:|,sourceTree:|,,isa:PBXBuildFile,,isa:PBXSourcesBuildPhase,runOnlyForDeploymentPostprocessing:0,/files/displayName:ShadowNodes.cpp,fileRef:displayName:ShadowNodes.cpp,includeInIndex:1,isa:PBXFileReference,lastKnownFileType:sourcecode.cpp.cpp,path:ShadowNodes.cpp,sourceTree:<group>,,isa:PBXBuildFile,settings:COMPILER_FLAGS:-DFOLLY_NO_CONFIG -DFOLLY_MOBILE=1 -DFOLLY_USE_LIBCPP=1 -DFOLLY_CFG_NO_COROUTINES=1 -DFOLLY_HAVE_CLOCK_GETTIME=1 -Wno-comma -Wno-shorten-64-to-32 -Wno-documentation -Wno-nullability-completeness -std=c++20,,
PBXBuildFile -- Pods.xcodeproj/targets/buildConfigurationList:buildConfigurations:baseConfigurationReference:|,buildSettings:|,displayName:|,isa:|,name:|,,baseConfigurationReference:|,buildSettings:|,displayName:|,isa:|,name:|,,defaultConfigurationIsVisible:0,defaultConfigurationName:Release,displayName:ConfigurationList,isa:XCConfigurationList,,buildPhases:buildActionMask:2147483647,displayName:Headers,files:|,|,isa:PBXHeadersBuildPhase,runOnlyForDeploymentPostprocessing:0,,buildActionMask:2147483647,displayName:Sources,files:|,|,isa:PBXSourcesBuildPhase,runOnlyForDeploymentPostprocessing:0,,buildActionMask:2147483647,displayName:Frameworks,files:,isa:PBXFrameworksBuildPhase,runOnlyForDeploymentPostprocessing:0,,buildRules:,dependencies:displayName:RNCAsyncStorage-RNCAsyncStorage_resources,isa:PBXTargetDependency,targetProxy:containerPortal:|,displayName:|,isa:|,proxyType:|,remoteGlobalIDString:|,remoteInfo:|,,,displayName:React-Core,isa:PBXTargetDependency,targetProxy:containerPortal:|,displayName:|,isa:|,proxyType:|,remoteGlobalIDString:|,remoteInfo:|,,,displayName:RCT-Folly,isa:PBXTargetDependency,targetProxy:containerPortal:|,displayName:|,isa:|,proxyType:|,remoteGlobalIDString:|,remoteInfo:|,,,displayName:glog,isa:PBXTargetDependency,targetProxy:containerPortal:|,displayName:|,isa:|,proxyType:|,remoteGlobalIDString:|,remoteInfo:|,,,displayName:React-RCTFabric,isa:PBXTargetDependency,targetProxy:containerPortal:|,displayName:|,isa:|,proxyType:|,remoteGlobalIDString:|,remoteInfo:|,,,displayName:ReactCodegen,isa:PBXTargetDependency,targetProxy:containerPortal:|,displayName:|,isa:|,proxyType:|,remoteGlobalIDString:|,remoteInfo:|,,,displayName:RCTRequired,isa:PBXTargetDependency,targetProxy:containerPortal:|,displayName:|,isa:|,proxyType:|,remoteGlobalIDString:|,remoteInfo:|,,,displayName:RCTTypeSafety,isa:PBXTargetDependency,targetProxy:containerPortal:|,displayName:|,isa:|,proxyType:|,remoteGlobalIDString:|,remoteInfo:|,,,displayName:ReactCommon,isa:PBXTargetDependency,targetProxy:containerPortal:|,displayName:|,isa:|,proxyType:|,remoteGlobalIDString:|,remoteInfo:|,,,displayName:React-NativeModulesApple,isa:PBXTargetDependency,targetProxy:containerPortal:|,displayName:|,isa:|,proxyType:|,remoteGlobalIDString:|,remoteInfo:|,,,displayName:Yoga,isa:PBXTargetDependency,targetProxy:containerPortal:|,displayName:|,isa:|,proxyType:|,remoteGlobalIDString:|,remoteInfo:|,,,displayName:React-Fabric,isa:PBXTargetDependency,targetProxy:containerPortal:|,displayName:|,isa:|,proxyType:|,remoteGlobalIDString:|,remoteInfo:|,,,displayName:React-graphics,isa:PBXTargetDependency,targetProxy:containerPortal:|,displayName:|,isa:|,proxyType:|,remoteGlobalIDString:|,remoteInfo:|,,,displayName:React-utils,isa:PBXTargetDependency,targetProxy:containerPortal:|,displayName:|,isa:|,proxyType:|,remoteGlobalIDString:|,remoteInfo:|,,,displayName:React-featureflags,isa:PBXTargetDependency,targetProxy:containerPortal:|,displayName:|,isa:|,proxyType:|,remoteGlobalIDString:|,remoteInfo:|,,,displayName:React-debug,isa:PBXTargetDependency,targetProxy:containerPortal:|,displayName:|,isa:|,proxyType:|,remoteGlobalIDString:|,remoteInfo:|,,,displayName:React-ImageManager,isa:PBXTargetDependency,targetProxy:containerPortal:|,displayName:|,isa:|,proxyType:|,remoteGlobalIDString:|,remoteInfo:|,,,displayName:React-rendererdebug,isa:PBXTargetDependency,targetProxy:containerPortal:|,displayName:|,isa:|,proxyType:|,remoteGlobalIDString:|,remoteInfo:|,,,displayName:DoubleConversion,isa:PBXTargetDependency,targetProxy:containerPortal:|,displayName:|,isa:|,proxyType:|,remoteGlobalIDString:|,remoteInfo:|,,,displayName:React-jsi,isa:PBXTargetDependency,targetProxy:containerPortal:|,displayName:|,isa:|,proxyType:|,remoteGlobalIDString:|,remoteInfo:|,,,displayName:React-renderercss,isa:PBXTargetDependency,targetProxy:containerPortal:|,displayName:|,isa:|,proxyType:|,remoteGlobalIDString:|,remoteInfo:|,,,displayName:hermes-engine,isa:PBXTargetDependency,targetProxy:containerPortal:|,displayName:|,isa:|,proxyType:|,remoteGlobalIDString:|,remoteInfo:|,,,displayName:React-hermes,isa:PBXTargetDependency,targetProxy:containerPortal:|,displayName:|,isa:|,proxyType:|,remoteGlobalIDString:|,remoteInfo:|,,,displayName:RNCAsyncStorage,fileSystemSynchronizedGroups:,isa:PBXNativeTarget,name:RNCAsyncStorage,packageProductDependencies:,productName:RNCAsyncStorage,productReference:displayName:RNCAsyncStorage,explicitFileType:archive.ar,includeInIndex:0,isa:PBXFileReference,name:RNCAsyncStorage,path:libRNCAsyncStorage.a,sourceTree:BUILT_PRODUCTS_DIR,,productType:com.apple.product-type.library.static,/dependencies/displayName:ReactCodegen,isa:PBXTargetDependency,targetProxy:containerPortal:46EB2E00000000,displayName:ContainerItemProxy,isa:PBXContainerItemProxy,proxyType:1,remoteGlobalIDString:46EB2E0001D660,remoteInfo:ReactCodegen,,/target/buildPhases/buildActionMask:2147483647,displayName:Sources,files:displayName:RCTModuleProviders.mm,fileRef:displayName:|,includeInIndex:|,isa:|,path:|,sourceTree:|,,isa:PBXBuildFile,settings:COMPILER_FLAGS:|,,,displayName:RCTModulesConformingToProtocolsProvider.mm,fileRef:displayName:|,includeInIndex:|,isa:|,path:|,sourceTree:|,,isa:PBXBuildFile,settings:COMPILER_FLAGS:|,,,displayName:RCTThirdPartyComponentsProvider.mm,fileRef:displayName:|,includeInIndex:|,isa:|,path:|,sourceTree:|,,isa:PBXBuildFile,settings:COMPILER_FLAGS:|,,,displayName:ComponentDescriptors.cpp,fileRef:displayName:|,includeInIndex:|,isa:|,lastKnownFileType:|,path:|,sourceTree:|,,isa:PBXBuildFile,settings:COMPILER_FLAGS:|,,,displayName:EventEmitters.cpp,fileRef:displayName:|,includeInIndex:|,isa:|,lastKnownFileType:|,path:|,sourceTree:|,,isa:PBXBuildFile,settings:COMPILER_FLAGS:|,,,displayName:Props.cpp,fileRef:displayName:|,includeInIndex:|,isa:|,lastKnownFileType:|,path:|,sourceTree:|,,isa:PBXBuildFile,settings:COMPILER_FLAGS:|,,,displayName:ShadowNodes.cpp,fileRef:displayName:|,includeInIndex:|,isa:|,lastKnownFileType:|,path:|,sourceTree:|,,isa:PBXBuildFile,settings:COMPILER_FLAGS:|,,,displayName:States.cpp,fileRef:displayName:|,includeInIndex:|,isa:|,lastKnownFileType:|,path:|,sourceTree:|,,isa:PBXBuildFile,settings:COMPILER_FLAGS:|,,,displayName:ComponentDescriptors.cpp,fileRef:displayName:|,includeInIndex:|,isa:|,lastKnownFileType:|,path:|,sourceTree:|,,isa:PBXBuildFile,settings:COMPILER_FLAGS:|,,,displayName:EventEmitters.cpp,fileRef:displayName:|,includeInIndex:|,isa:|,lastKnownFileType:|,path:|,sourceTree:|,,isa:PBXBuildFile,settings:COMPILER_FLAGS:|,,,displayName:Props.cpp,fileRef:displayName:|,includeInIndex:|,isa:|,lastKnownFileType:|,path:|,sourceTree:|,,isa:PBXBuildFile,settings:COMPILER_FLAGS:|,,,displayName:ShadowNodes.cpp,fileRef:displayName:|,includeInIndex:|,isa:|,lastKnownFileType:|,path:|,sourceTree:|,,isa:PBXBuildFile,settings:COMPILER_FLAGS:|,,,displayName:States.cpp,fileRef:displayName:|,includeInIndex:|,isa:|,lastKnownFileType:|,path:|,sourceTree:|,,isa:PBXBuildFile,settings:COMPILER_FLAGS:|,,,displayName:ComponentDescriptors.cpp,fileRef:displayName:|,includeInIndex:|,isa:|,lastKnownFileType:|,path:|,sourceTree:|,,isa:PBXBuildFile,settings:COMPILER_FLAGS:|,,,displayName:EventEmitters.cpp,fileRef:displayName:|,includeInIndex:|,isa:|,lastKnownFileType:|,path:|,sourceTree:|,,isa:PBXBuildFile,settings:COMPILER_FLAGS:|,,,displayName:Props.cpp,fileRef:displayName:|,includeInIndex:|,isa:|,lastKnownFileType:|,path:|,sourceTree:|,,isa:PBXBuildFile,settings:COMPILER_FLAGS:|,,,displayName:ShadowNodes.cpp,fileRef:displayName:|,includeInIndex:|,isa:|,lastKnownFileType:|,path:|,sourceTree:|,,isa:PBXBuildFile,settings:COMPILER_FLAGS:|,,,displayName:States.cpp,fileRef:displayName:|,includeInIndex:|,isa:|,lastKnownFileType:|,path:|,sourceTree:|,,isa:PBXBuildFile,settings:COMPILER_FLAGS:|,,,displayName:rnasyncstorage-generated.mm,fileRef:displayName:|,includeInIndex:|,isa:|,path:|,sourceTree:|,,isa:PBXBuildFile,settings:COMPILER_FLAGS:|,,,displayName:rnasyncstorageJSI-generated.cpp,fileRef:displayName:|,includeInIndex:|,isa:|,lastKnownFileType:|,path:|,sourceTree:|,,isa:PBXBuildFile,settings:COMPILER_FLAGS:|,,,displayName:RNPermissionsSpec-generated.mm,fileRef:displayName:|,includeInIndex:|,isa:|,path:|,sourceTree:|,,isa:PBXBuildFile,settings:COMPILER_FLAGS:|,,,displayName:RNPermissionsSpecJSI-generated.cpp,fileRef:displayName:|,includeInIndex:|,isa:|,lastKnownFileType:|,path:|,sourceTree:|,,isa:PBXBuildFile,settings:COMPILER_FLAGS:|,,,displayName:rnsvg-generated.mm,fileRef:displayName:|,includeInIndex:|,isa:|,path:|,sourceTree:|,,isa:PBXBuildFile,settings:COMPILER_FLAGS:|,,,displayName:rnsvgJSI-generated.cpp,fileRef:displayName:|,includeInIndex:|,isa:|,lastKnownFileType:|,path:|,sourceTree:|,,isa:PBXBuildFile,settings:COMPILER_FLAGS:|,,,displayName:ReactCodegen-dummy.m,fileRef:displayName:|,includeInIndex:|,isa:|,lastKnownFileType:|,path:|,sourceTree:|,,isa:PBXBuildFile,,isa:PBXSourcesBuildPhase,runOnlyForDeploymentPostprocessing:0,/files/displayName:States.cpp,fileRef:displayName:States.cpp,includeInIndex:1,isa:PBXFileReference,lastKnownFileType:sourcecode.cpp.cpp,path:States.cpp,sourceTree:<group>,,isa:PBXBuildFile,settings:COMPILER_FLAGS:-DFOLLY_NO_CONFIG -DFOLLY_MOBILE=1 -DFOLLY_USE_LIBCPP=1 -DFOLLY_CFG_NO_COROUTINES=1 -DFOLLY_HAVE_CLOCK_GETTIME=1 -Wno-comma -Wno-shorten-64-to-32 -Wno-documentation -Wno-nullability-completeness -std=c++20,,
PBXBuildFile -- Pods.xcodeproj/targets/buildConfigurationList:buildConfigurations:baseConfigurationReference:|,buildSettings:|,displayName:|,isa:|,name:|,,baseConfigurationReference:|,buildSettings:|,displayName:|,isa:|,name:|,,defaultConfigurationIsVisible:0,defaultConfigurationName:Release,displayName:ConfigurationList,isa:XCConfigurationList,,buildPhases:buildActionMask:2147483647,displayName:Headers,files:|,|,isa:PBXHeadersBuildPhase,runOnlyForDeploymentPostprocessing:0,,buildActionMask:2147483647,displayName:Sources,files:|,|,isa:PBXSourcesBuildPhase,runOnlyForDeploymentPostprocessing:0,,buildActionMask:2147483647,displayName:Frameworks,files:,isa:PBXFrameworksBuildPhase,runOnlyForDeploymentPostprocessing:0,,buildRules:,dependencies:displayName:RNCAsyncStorage-RNCAsyncStorage_resources,isa:PBXTargetDependency,targetProxy:containerPortal:|,displayName:|,isa:|,proxyType:|,remoteGlobalIDString:|,remoteInfo:|,,,displayName:React-Core,isa:PBXTargetDependency,targetProxy:containerPortal:|,displayName:|,isa:|,proxyType:|,remoteGlobalIDString:|,remoteInfo:|,,,displayName:RCT-Folly,isa:PBXTargetDependency,targetProxy:containerPortal:|,displayName:|,isa:|,proxyType:|,remoteGlobalIDString:|,remoteInfo:|,,,displayName:glog,isa:PBXTargetDependency,targetProxy:containerPortal:|,displayName:|,isa:|,proxyType:|,remoteGlobalIDString:|,remoteInfo:|,,,displayName:React-RCTFabric,isa:PBXTargetDependency,targetProxy:containerPortal:|,displayName:|,isa:|,proxyType:|,remoteGlobalIDString:|,remoteInfo:|,,,displayName:ReactCodegen,isa:PBXTargetDependency,targetProxy:containerPortal:|,displayName:|,isa:|,proxyType:|,remoteGlobalIDString:|,remoteInfo:|,,,displayName:RCTRequired,isa:PBXTargetDependency,targetProxy:containerPortal:|,displayName:|,isa:|,proxyType:|,remoteGlobalIDString:|,remoteInfo:|,,,displayName:RCTTypeSafety,isa:PBXTargetDependency,targetProxy:containerPortal:|,displayName:|,isa:|,proxyType:|,remoteGlobalIDString:|,remoteInfo:|,,,displayName:ReactCommon,isa:PBXTargetDependency,targetProxy:containerPortal:|,displayName:|,isa:|,proxyType:|,remoteGlobalIDString:|,remoteInfo:|,,,displayName:React-NativeModulesApple,isa:PBXTargetDependency,targetProxy:containerPortal:|,displayName:|,isa:|,proxyType:|,remoteGlobalIDString:|,remoteInfo:|,,,displayName:Yoga,isa:PBXTargetDependency,targetProxy:containerPortal:|,displayName:|,isa:|,proxyType:|,remoteGlobalIDString:|,remoteInfo:|,,,displayName:React-Fabric,isa:PBXTargetDependency,targetProxy:containerPortal:|,displayName:|,isa:|,proxyType:|,remoteGlobalIDString:|,remoteInfo:|,,,displayName:React-graphics,isa:PBXTargetDependency,targetProxy:containerPortal:|,displayName:|,isa:|,proxyType:|,remoteGlobalIDString:|,remoteInfo:|,,,displayName:React-utils,isa:PBXTargetDependency,targetProxy:containerPortal:|,displayName:|,isa:|,proxyType:|,remoteGlobalIDString:|,remoteInfo:|,,,displayName:React-featureflags,isa:PBXTargetDependency,targetProxy:containerPortal:|,displayName:|,isa:|,proxyType:|,remoteGlobalIDString:|,remoteInfo:|,,,displayName:React-debug,isa:PBXTargetDependency,targetProxy:containerPortal:|,displayName:|,isa:|,proxyType:|,remoteGlobalIDString:|,remoteInfo:|,,,displayName:React-ImageManager,isa:PBXTargetDependency,targetProxy:containerPortal:|,displayName:|,isa:|,proxyType:|,remoteGlobalIDString:|,remoteInfo:|,,,displayName:React-rendererdebug,isa:PBXTargetDependency,targetProxy:containerPortal:|,displayName:|,isa:|,proxyType:|,remoteGlobalIDString:|,remoteInfo:|,,,displayName:DoubleConversion,isa:PBXTargetDependency,targetProxy:containerPortal:|,displayName:|,isa:|,proxyType:|,remoteGlobalIDString:|,remoteInfo:|,,,displayName:React-jsi,isa:PBXTargetDependency,targetProxy:containerPortal:|,displayName:|,isa:|,proxyType:|,remoteGlobalIDString:|,remoteInfo:|,,,displayName:React-renderercss,isa:PBXTargetDependency,targetProxy:containerPortal:|,displayName:|,isa:|,proxyType:|,remoteGlobalIDString:|,remoteInfo:|,,,displayName:hermes-engine,isa:PBXTargetDependency,targetProxy:containerPortal:|,displayName:|,isa:|,proxyType:|,remoteGlobalIDString:|,remoteInfo:|,,,displayName:React-hermes,isa:PBXTargetDependency,targetProxy:containerPortal:|,displayName:|,isa:|,proxyType:|,remoteGlobalIDString:|,remoteInfo:|,,,displayName:RNCAsyncStorage,fileSystemSynchronizedGroups:,isa:PBXNativeTarget,name:RNCAsyncStorage,packageProductDependencies:,productName:RNCAsyncStorage,productReference:displayName:RNCAsyncStorage,explicitFileType:archive.ar,includeInIndex:0,isa:PBXFileReference,name:RNCAsyncStorage,path:libRNCAsyncStorage.a,sourceTree:BUILT_PRODUCTS_DIR,,productType:com.apple.product-type.library.static,/dependencies/displayName:ReactCodegen,isa:PBXTargetDependency,targetProxy:containerPortal:46EB2E00000000,displayName:ContainerItemProxy,isa:PBXContainerItemProxy,proxyType:1,remoteGlobalIDString:46EB2E0001D660,remoteInfo:ReactCodegen,,/target/buildPhases/buildActionMask:2147483647,displayName:Headers,files:displayName:RCTModuleProviders.h,fileRef:displayName:|,includeInIndex:|,isa:|,lastKnownFileType:|,path:|,sourceTree:|,,isa:PBXBuildFile,settings:ATTRIBUTES:|,,,displayName:RCTModulesConformingToProtocolsProvider.h,fileRef:displayName:|,includeInIndex:|,isa:|,lastKnownFileType:|,path:|,sourceTree:|,,isa:PBXBuildFile,settings:ATTRIBUTES:|,,,displayName:RCTThirdPartyComponentsProvider.h,fileRef:displayName:|,includeInIndex:|,isa:|,lastKnownFileType:|,path:|,sourceTree:|,,isa:PBXBuildFile,settings:ATTRIBUTES:|,,,displayName:ComponentDescriptors.h,fileRef:displayName:|,includeInIndex:|,isa:|,lastKnownFileType:|,path:|,sourceTree:|,,isa:PBXBuildFile,settings:ATTRIBUTES:|,,,displayName:EventEmitters.h,fileRef:displayName:|,includeInIndex:|,isa:|,lastKnownFileType:|,path:|,sourceTree:|,,isa:PBXBuildFile,settings:ATTRIBUTES:|,,,displayName:Props.h,fileRef:displayName:|,includeInIndex:|,isa:|,lastKnownFileType:|,path:|,sourceTree:|,,isa:PBXBuildFile,settings:ATTRIBUTES:|,,,displayName:RCTComponentViewHelpers.h,fileRef:displayName:|,includeInIndex:|,isa:|,lastKnownFileType:|,path:|,sourceTree:|,,isa:PBXBuildFile,settings:ATTRIBUTES:|,,,displayName:ShadowNodes.h,fileRef:displayName:|,includeInIndex:|,isa:|,lastKnownFileType:|,path:|,sourceTree:|,,isa:PBXBuildFile,settings:ATTRIBUTES:|,,,displayName:States.h,fileRef:displayName:|,includeInIndex:|,isa:|,lastKnownFileType:|,path:|,sourceTree:|,,isa:PBXBuildFile,settings:ATTRIBUTES:|,,,displayName:ComponentDescriptors.h,fileRef:displayName:|,includeInIndex:|,isa:|,lastKnownFileType:|,path:|,sourceTree:|,,isa:PBXBuildFile,settings:ATTRIBUTES:|,,,displayName:EventEmitters.h,fileRef:displayName:|,includeInIndex:|,isa:|,lastKnownFileType:|,path:|,sourceTree:|,,isa:PBXBuildFile,settings:ATTRIBUTES:|,,,displayName:Props.h,fileRef:displayName:|,includeInIndex:|,isa:|,lastKnownFileType:|,path:|,sourceTree:|,,isa:PBXBuildFile,settings:ATTRIBUTES:|,,,displayName:RCTComponentViewHelpers.h,fileRef:displayName:|,includeInIndex:|,isa:|,lastKnownFileType:|,path:|,sourceTree:|,,isa:PBXBuildFile,settings:ATTRIBUTES:|,,,displayName:ShadowNodes.h,fileRef:displayName:|,includeInIndex:|,isa:|,lastKnownFileType:|,path:|,sourceTree:|,,isa:PBXBuildFile,settings:ATTRIBUTES:|,,,displayName:States.h,fileRef:displayName:|,includeInIndex:|,isa:|,lastKnownFileType:|,path:|,sourceTree:|,,isa:PBXBuildFile,settings:ATTRIBUTES:|,,,displayName:ComponentDescriptors.h,fileRef:displayName:|,includeInIndex:|,isa:|,lastKnownFileType:|,path:|,sourceTree:|,,isa:PBXBuildFile,settings:ATTRIBUTES:|,,,displayName:EventEmitters.h,fileRef:displayName:|,includeInIndex:|,isa:|,lastKnownFileType:|,path:|,sourceTree:|,,isa:PBXBuildFile,settings:ATTRIBUTES:|,,,displayName:Props.h,fileRef:displayName:|,includeInIndex:|,isa:|,lastKnownFileType:|,path:|,sourceTree:|,,isa:PBXBuildFile,settings:ATTRIBUTES:|,,,displayName:RCTComponentViewHelpers.h,fileRef:displayName:|,includeInIndex:|,isa:|,lastKnownFileType:|,path:|,sourceTree:|,,isa:PBXBuildFile,settings:ATTRIBUTES:|,,,displayName:ShadowNodes.h,fileRef:displayName:|,includeInIndex:|,isa:|,lastKnownFileType:|,path:|,sourceTree:|,,isa:PBXBuildFile,settings:ATTRIBUTES:|,,,displayName:States.h,fileRef:displayName:|,includeInIndex:|,isa:|,lastKnownFileType:|,path:|,sourceTree:|,,isa:PBXBuildFile,settings:ATTRIBUTES:|,,,displayName:rnasyncstorage.h,fileRef:displayName:|,includeInIndex:|,isa:|,lastKnownFileType:|,path:|,sourceTree:|,,isa:PBXBuildFile,settings:ATTRIBUTES:|,,,displayName:rnasyncstorageJSI.h,fileRef:displayName:|,includeInIndex:|,isa:|,lastKnownFileType:|,path:|,sourceTree:|,,isa:PBXBuildFile,settings:ATTRIBUTES:|,,,displayName:RNPermissionsSpec.h,fileRef:displayName:|,includeInIndex:|,isa:|,lastKnownFileType:|,path:|,sourceTree:|,,isa:PBXBuildFile,settings:ATTRIBUTES:|,,,displayName:RNPermissionsSpecJSI.h,fileRef:displayName:|,includeInIndex:|,isa:|,lastKnownFileType:|,path:|,sourceTree:|,,isa:PBXBuildFile,settings:ATTRIBUTES:|,,,displayName:rnsvg.h,fileRef:displayName:|,includeInIndex:|,isa:|,lastKnownFileType:|,path:|,sourceTree:|,,isa:PBXBuildFile,settings:ATTRIBUTES:|,,,displayName:rnsvgJSI.h,fileRef:displayName:|,includeInIndex:|,isa:|,lastKnownFileType:|,path:|,sourceTree:|,,isa:PBXBuildFile,settings:ATTRIBUTES:|,,,displayName:ReactCodegen-umbrella.h,fileRef:displayName:|,includeInIndex:|,isa:|,lastKnownFileType:|,path:|,sourceTree:|,,isa:PBXBuildFile,settings:ATTRIBUTES:|,,,isa:PBXHeadersBuildPhase,runOnlyForDeploymentPostprocessing:0,/files/displayName:ComponentDescriptors.h,fileRef:displayName:ComponentDescriptors.h,includeInIndex:1,isa:PBXFileReference,lastKnownFileType:sourcecode.c.h,path:ComponentDescriptors.h,sourceTree:<group>,,isa:PBXBuildFile,settings:ATTRIBUTES:Project,,
PBXBuildFile -- Pods.xcodeproj/targets/buildConfigurationList:buildConfigurations:baseConfigurationReference:|,buildSettings:|,displayName:|,isa:|,name:|,,baseConfigurationReference:|,buildSettings:|,displayName:|,isa:|,name:|,,defaultConfigurationIsVisible:0,defaultConfigurationName:Release,displayName:ConfigurationList,isa:XCConfigurationList,,buildPhases:buildActionMask:2147483647,displayName:Headers,files:|,|,isa:PBXHeadersBuildPhase,runOnlyForDeploymentPostprocessing:0,,buildActionMask:2147483647,displayName:Sources,files:|,|,isa:PBXSourcesBuildPhase,runOnlyForDeploymentPostprocessing:0,,buildActionMask:2147483647,displayName:Frameworks,files:,isa:PBXFrameworksBuildPhase,runOnlyForDeploymentPostprocessing:0,,buildRules:,dependencies:displayName:RNCAsyncStorage-RNCAsyncStorage_resources,isa:PBXTargetDependency,targetProxy:containerPortal:|,displayName:|,isa:|,proxyType:|,remoteGlobalIDString:|,remoteInfo:|,,,displayName:React-Core,isa:PBXTargetDependency,targetProxy:containerPortal:|,displayName:|,isa:|,proxyType:|,remoteGlobalIDString:|,remoteInfo:|,,,displayName:RCT-Folly,isa:PBXTargetDependency,targetProxy:containerPortal:|,displayName:|,isa:|,proxyType:|,remoteGlobalIDString:|,remoteInfo:|,,,displayName:glog,isa:PBXTargetDependency,targetProxy:containerPortal:|,displayName:|,isa:|,proxyType:|,remoteGlobalIDString:|,remoteInfo:|,,,displayName:React-RCTFabric,isa:PBXTargetDependency,targetProxy:containerPortal:|,displayName:|,isa:|,proxyType:|,remoteGlobalIDString:|,remoteInfo:|,,,displayName:ReactCodegen,isa:PBXTargetDependency,targetProxy:containerPortal:|,displayName:|,isa:|,proxyType:|,remoteGlobalIDString:|,remoteInfo:|,,,displayName:RCTRequired,isa:PBXTargetDependency,targetProxy:containerPortal:|,displayName:|,isa:|,proxyType:|,remoteGlobalIDString:|,remoteInfo:|,,,displayName:RCTTypeSafety,isa:PBXTargetDependency,targetProxy:containerPortal:|,displayName:|,isa:|,proxyType:|,remoteGlobalIDString:|,remoteInfo:|,,,displayName:ReactCommon,isa:PBXTargetDependency,targetProxy:containerPortal:|,displayName:|,isa:|,proxyType:|,remoteGlobalIDString:|,remoteInfo:|,,,displayName:React-NativeModulesApple,isa:PBXTargetDependency,targetProxy:containerPortal:|,displayName:|,isa:|,proxyType:|,remoteGlobalIDString:|,remoteInfo:|,,,displayName:Yoga,isa:PBXTargetDependency,targetProxy:containerPortal:|,displayName:|,isa:|,proxyType:|,remoteGlobalIDString:|,remoteInfo:|,,,displayName:React-Fabric,isa:PBXTargetDependency,targetProxy:containerPortal:|,displayName:|,isa:|,proxyType:|,remoteGlobalIDString:|,remoteInfo:|,,,displayName:React-graphics,isa:PBXTargetDependency,targetProxy:containerPortal:|,displayName:|,isa:|,proxyType:|,remoteGlobalIDString:|,remoteInfo:|,,,displayName:React-utils,isa:PBXTargetDependency,targetProxy:containerPortal:|,displayName:|,isa:|,proxyType:|,remoteGlobalIDString:|,remoteInfo:|,,,displayName:React-featureflags,isa:PBXTargetDependency,targetProxy:containerPortal:|,displayName:|,isa:|,proxyType:|,remoteGlobalIDString:|,remoteInfo:|,,,displayName:React-debug,isa:PBXTargetDependency,targetProxy:containerPortal:|,displayName:|,isa:|,proxyType:|,remoteGlobalIDString:|,remoteInfo:|,,,displayName:React-ImageManager,isa:PBXTargetDependency,targetProxy:containerPortal:|,displayName:|,isa:|,proxyType:|,remoteGlobalIDString:|,remoteInfo:|,,,displayName:React-rendererdebug,isa:PBXTargetDependency,targetProxy:containerPortal:|,displayName:|,isa:|,proxyType:|,remoteGlobalIDString:|,remoteInfo:|,,,displayName:DoubleConversion,isa:PBXTargetDependency,targetProxy:containerPortal:|,displayName:|,isa:|,proxyType:|,remoteGlobalIDString:|,remoteInfo:|,,,displayName:React-jsi,isa:PBXTargetDependency,targetProxy:containerPortal:|,displayName:|,isa:|,proxyType:|,remoteGlobalIDString:|,remoteInfo:|,,,displayName:React-renderercss,isa:PBXTargetDependency,targetProxy:containerPortal:|,displayName:|,isa:|,proxyType:|,remoteGlobalIDString:|,remoteInfo:|,,,displayName:hermes-engine,isa:PBXTargetDependency,targetProxy:containerPortal:|,displayName:|,isa:|,proxyType:|,remoteGlobalIDString:|,remoteInfo:|,,,displayName:React-hermes,isa:PBXTargetDependency,targetProxy:containerPortal:|,displayName:|,isa:|,proxyType:|,remoteGlobalIDString:|,remoteInfo:|,,,displayName:RNCAsyncStorage,fileSystemSynchronizedGroups:,isa:PBXNativeTarget,name:RNCAsyncStorage,packageProductDependencies:,productName:RNCAsyncStorage,productReference:displayName:RNCAsyncStorage,explicitFileType:archive.ar,includeInIndex:0,isa:PBXFileReference,name:RNCAsyncStorage,path:libRNCAsyncStorage.a,sourceTree:BUILT_PRODUCTS_DIR,,productType:com.apple.product-type.library.static,/dependencies/displayName:ReactCodegen,isa:PBXTargetDependency,targetProxy:containerPortal:46EB2E00000000,displayName:ContainerItemProxy,isa:PBXContainerItemProxy,proxyType:1,remoteGlobalIDString:46EB2E0001D660,remoteInfo:ReactCodegen,,/target/buildPhases/buildActionMask:2147483647,displayName:Headers,files:displayName:RCTModuleProviders.h,fileRef:displayName:|,includeInIndex:|,isa:|,lastKnownFileType:|,path:|,sourceTree:|,,isa:PBXBuildFile,settings:ATTRIBUTES:|,,,displayName:RCTModulesConformingToProtocolsProvider.h,fileRef:displayName:|,includeInIndex:|,isa:|,lastKnownFileType:|,path:|,sourceTree:|,,isa:PBXBuildFile,settings:ATTRIBUTES:|,,,displayName:RCTThirdPartyComponentsProvider.h,fileRef:displayName:|,includeInIndex:|,isa:|,lastKnownFileType:|,path:|,sourceTree:|,,isa:PBXBuildFile,settings:ATTRIBUTES:|,,,displayName:ComponentDescriptors.h,fileRef:displayName:|,includeInIndex:|,isa:|,lastKnownFileType:|,path:|,sourceTree:|,,isa:PBXBuildFile,settings:ATTRIBUTES:|,,,displayName:EventEmitters.h,fileRef:displayName:|,includeInIndex:|,isa:|,lastKnownFileType:|,path:|,sourceTree:|,,isa:PBXBuildFile,settings:ATTRIBUTES:|,,,displayName:Props.h,fileRef:displayName:|,includeInIndex:|,isa:|,lastKnownFileType:|,path:|,sourceTree:|,,isa:PBXBuildFile,settings:ATTRIBUTES:|,,,displayName:RCTComponentViewHelpers.h,fileRef:displayName:|,includeInIndex:|,isa:|,lastKnownFileType:|,path:|,sourceTree:|,,isa:PBXBuildFile,settings:ATTRIBUTES:|,,,displayName:ShadowNodes.h,fileRef:displayName:|,includeInIndex:|,isa:|,lastKnownFileType:|,path:|,sourceTree:|,,isa:PBXBuildFile,settings:ATTRIBUTES:|,,,displayName:States.h,fileRef:displayName:|,includeInIndex:|,isa:|,lastKnownFileType:|,path:|,sourceTree:|,,isa:PBXBuildFile,settings:ATTRIBUTES:|,,,displayName:ComponentDescriptors.h,fileRef:displayName:|,includeInIndex:|,isa:|,lastKnownFileType:|,path:|,sourceTree:|,,isa:PBXBuildFile,settings:ATTRIBUTES:|,,,displayName:EventEmitters.h,fileRef:displayName:|,includeInIndex:|,isa:|,lastKnownFileType:|,path:|,sourceTree:|,,isa:PBXBuildFile,settings:ATTRIBUTES:|,,,displayName:Props.h,fileRef:displayName:|,includeInIndex:|,isa:|,lastKnownFileType:|,path:|,sourceTree:|,,isa:PBXBuildFile,settings:ATTRIBUTES:|,,,displayName:RCTComponentViewHelpers.h,fileRef:displayName:|,includeInIndex:|,isa:|,lastKnownFileType:|,path:|,sourceTree:|,,isa:PBXBuildFile,settings:ATTRIBUTES:|,,,displayName:ShadowNodes.h,fileRef:displayName:|,includeInIndex:|,isa:|,lastKnownFileType:|,path:|,sourceTree:|,,isa:PBXBuildFile,settings:ATTRIBUTES:|,,,displayName:States.h,fileRef:displayName:|,includeInIndex:|,isa:|,lastKnownFileType:|,path:|,sourceTree:|,,isa:PBXBuildFile,settings:ATTRIBUTES:|,,,displayName:ComponentDescriptors.h,fileRef:displayName:|,includeInIndex:|,isa:|,lastKnownFileType:|,path:|,sourceTree:|,,isa:PBXBuildFile,settings:ATTRIBUTES:|,,,displayName:EventEmitters.h,fileRef:displayName:|,includeInIndex:|,isa:|,lastKnownFileType:|,path:|,sourceTree:|,,isa:PBXBuildFile,settings:ATTRIBUTES:|,,,displayName:Props.h,fileRef:displayName:|,includeInIndex:|,isa:|,lastKnownFileType:|,path:|,sourceTree:|,,isa:PBXBuildFile,settings:ATTRIBUTES:|,,,displayName:RCTComponentViewHelpers.h,fileRef:displayName:|,includeInIndex:|,isa:|,lastKnownFileType:|,path:|,sourceTree:|,,isa:PBXBuildFile,settings:ATTRIBUTES:|,,,displayName:ShadowNodes.h,fileRef:displayName:|,includeInIndex:|,isa:|,lastKnownFileType:|,path:|,sourceTree:|,,isa:PBXBuildFile,settings:ATTRIBUTES:|,,,displayName:States.h,fileRef:displayName:|,includeInIndex:|,isa:|,lastKnownFileType:|,path:|,sourceTree:|,,isa:PBXBuildFile,settings:ATTRIBUTES:|,,,displayName:rnasyncstorage.h,fileRef:displayName:|,includeInIndex:|,isa:|,lastKnownFileType:|,path:|,sourceTree:|,,isa:PBXBuildFile,settings:ATTRIBUTES:|,,,displayName:rnasyncstorageJSI.h,fileRef:displayName:|,includeInIndex:|,isa:|,lastKnownFileType:|,path:|,sourceTree:|,,isa:PBXBuildFile,settings:ATTRIBUTES:|,,,displayName:RNPermissionsSpec.h,fileRef:displayName:|,includeInIndex:|,isa:|,lastKnownFileType:|,path:|,sourceTree:|,,isa:PBXBuildFile,settings:ATTRIBUTES:|,,,displayName:RNPermissionsSpecJSI.h,fileRef:displayName:|,includeInIndex:|,isa:|,lastKnownFileType:|,path:|,sourceTree:|,,isa:PBXBuildFile,settings:ATTRIBUTES:|,,,displayName:rnsvg.h,fileRef:displayName:|,includeInIndex:|,isa:|,lastKnownFileType:|,path:|,sourceTree:|,,isa:PBXBuildFile,settings:ATTRIBUTES:|,,,displayName:rnsvgJSI.h,fileRef:displayName:|,includeInIndex:|,isa:|,lastKnownFileType:|,path:|,sourceTree:|,,isa:PBXBuildFile,settings:ATTRIBUTES:|,,,displayName:ReactCodegen-umbrella.h,fileRef:displayName:|,includeInIndex:|,isa:|,lastKnownFileType:|,path:|,sourceTree:|,,isa:PBXBuildFile,settings:ATTRIBUTES:|,,,isa:PBXHeadersBuildPhase,runOnlyForDeploymentPostprocessing:0,/files/displayName:EventEmitters.h,fileRef:displayName:EventEmitters.h,includeInIndex:1,isa:PBXFileReference,lastKnownFileType:sourcecode.c.h,path:EventEmitters.h,sourceTree:<group>,,isa:PBXBuildFile,settings:ATTRIBUTES:Project,,
PBXBuildFile -- Pods.xcodeproj/targets/buildConfigurationList:buildConfigurations:baseConfigurationReference:|,buildSettings:|,displayName:|,isa:|,name:|,,baseConfigurationReference:|,buildSettings:|,displayName:|,isa:|,name:|,,defaultConfigurationIsVisible:0,defaultConfigurationName:Release,displayName:ConfigurationList,isa:XCConfigurationList,,buildPhases:buildActionMask:2147483647,displayName:Headers,files:|,|,isa:PBXHeadersBuildPhase,runOnlyForDeploymentPostprocessing:0,,buildActionMask:2147483647,displayName:Sources,files:|,|,isa:PBXSourcesBuildPhase,runOnlyForDeploymentPostprocessing:0,,buildActionMask:2147483647,displayName:Frameworks,files:,isa:PBXFrameworksBuildPhase,runOnlyForDeploymentPostprocessing:0,,buildRules:,dependencies:displayName:RNCAsyncStorage-RNCAsyncStorage_resources,isa:PBXTargetDependency,targetProxy:containerPortal:|,displayName:|,isa:|,proxyType:|,remoteGlobalIDString:|,remoteInfo:|,,,displayName:React-Core,isa:PBXTargetDependency,targetProxy:containerPortal:|,displayName:|,isa:|,proxyType:|,remoteGlobalIDString:|,remoteInfo:|,,,displayName:RCT-Folly,isa:PBXTargetDependency,targetProxy:containerPortal:|,displayName:|,isa:|,proxyType:|,remoteGlobalIDString:|,remoteInfo:|,,,displayName:glog,isa:PBXTargetDependency,targetProxy:containerPortal:|,displayName:|,isa:|,proxyType:|,remoteGlobalIDString:|,remoteInfo:|,,,displayName:React-RCTFabric,isa:PBXTargetDependency,targetProxy:containerPortal:|,displayName:|,isa:|,proxyType:|,remoteGlobalIDString:|,remoteInfo:|,,,displayName:ReactCodegen,isa:PBXTargetDependency,targetProxy:containerPortal:|,displayName:|,isa:|,proxyType:|,remoteGlobalIDString:|,remoteInfo:|,,,displayName:RCTRequired,isa:PBXTargetDependency,targetProxy:containerPortal:|,displayName:|,isa:|,proxyType:|,remoteGlobalIDString:|,remoteInfo:|,,,displayName:RCTTypeSafety,isa:PBXTargetDependency,targetProxy:containerPortal:|,displayName:|,isa:|,proxyType:|,remoteGlobalIDString:|,remoteInfo:|,,,displayName:ReactCommon,isa:PBXTargetDependency,targetProxy:containerPortal:|,displayName:|,isa:|,proxyType:|,remoteGlobalIDString:|,remoteInfo:|,,,displayName:React-NativeModulesApple,isa:PBXTargetDependency,targetProxy:containerPortal:|,displayName:|,isa:|,proxyType:|,remoteGlobalIDString:|,remoteInfo:|,,,displayName:Yoga,isa:PBXTargetDependency,targetProxy:containerPortal:|,displayName:|,isa:|,proxyType:|,remoteGlobalIDString:|,remoteInfo:|,,,displayName:React-Fabric,isa:PBXTargetDependency,targetProxy:containerPortal:|,displayName:|,isa:|,proxyType:|,remoteGlobalIDString:|,remoteInfo:|,,,displayName:React-graphics,isa:PBXTargetDependency,targetProxy:containerPortal:|,displayName:|,isa:|,proxyType:|,remoteGlobalIDString:|,remoteInfo:|,,,displayName:React-utils,isa:PBXTargetDependency,targetProxy:containerPortal:|,displayName:|,isa:|,proxyType:|,remoteGlobalIDString:|,remoteInfo:|,,,displayName:React-featureflags,isa:PBXTargetDependency,targetProxy:containerPortal:|,displayName:|,isa:|,proxyType:|,remoteGlobalIDString:|,remoteInfo:|,,,displayName:React-debug,isa:PBXTargetDependency,targetProxy:containerPortal:|,displayName:|,isa:|,proxyType:|,remoteGlobalIDString:|,remoteInfo:|,,,displayName:React-ImageManager,isa:PBXTargetDependency,targetProxy:containerPortal:|,displayName:|,isa:|,proxyType:|,remoteGlobalIDString:|,remoteInfo:|,,,displayName:React-rendererdebug,isa:PBXTargetDependency,targetProxy:containerPortal:|,displayName:|,isa:|,proxyType:|,remoteGlobalIDString:|,remoteInfo:|,,,displayName:DoubleConversion,isa:PBXTargetDependency,targetProxy:containerPortal:|,displayName:|,isa:|,proxyType:|,remoteGlobalIDString:|,remoteInfo:|,,,displayName:React-jsi,isa:PBXTargetDependency,targetProxy:containerPortal:|,displayName:|,isa:|,proxyType:|,remoteGlobalIDString:|,remoteInfo:|,,,displayName:React-renderercss,isa:PBXTargetDependency,targetProxy:containerPortal:|,displayName:|,isa:|,proxyType:|,remoteGlobalIDString:|,remoteInfo:|,,,displayName:hermes-engine,isa:PBXTargetDependency,targetProxy:containerPortal:|,displayName:|,isa:|,proxyType:|,remoteGlobalIDString:|,remoteInfo:|,,,displayName:React-hermes,isa:PBXTargetDependency,targetProxy:containerPortal:|,displayName:|,isa:|,proxyType:|,remoteGlobalIDString:|,remoteInfo:|,,,displayName:RNCAsyncStorage,fileSystemSynchronizedGroups:,isa:PBXNativeTarget,name:RNCAsyncStorage,packageProductDependencies:,productName:RNCAsyncStorage,productReference:displayName:RNCAsyncStorage,explicitFileType:archive.ar,includeInIndex:0,isa:PBXFileReference,name:RNCAsyncStorage,path:libRNCAsyncStorage.a,sourceTree:BUILT_PRODUCTS_DIR,,productType:com.apple.product-type.library.static,/dependencies/displayName:ReactCodegen,isa:PBXTargetDependency,targetProxy:containerPortal:46EB2E00000000,displayName:ContainerItemProxy,isa:PBXContainerItemProxy,proxyType:1,remoteGlobalIDString:46EB2E0001D660,remoteInfo:ReactCodegen,,/target/buildPhases/buildActionMask:2147483647,displayName:Headers,files:displayName:RCTModuleProviders.h,fileRef:displayName:|,includeInIndex:|,isa:|,lastKnownFileType:|,path:|,sourceTree:|,,isa:PBXBuildFile,settings:ATTRIBUTES:|,,,displayName:RCTModulesConformingToProtocolsProvider.h,fileRef:displayName:|,includeInIndex:|,isa:|,lastKnownFileType:|,path:|,sourceTree:|,,isa:PBXBuildFile,settings:ATTRIBUTES:|,,,displayName:RCTThirdPartyComponentsProvider.h,fileRef:displayName:|,includeInIndex:|,isa:|,lastKnownFileType:|,path:|,sourceTree:|,,isa:PBXBuildFile,settings:ATTRIBUTES:|,,,displayName:ComponentDescriptors.h,fileRef:displayName:|,includeInIndex:|,isa:|,lastKnownFileType:|,path:|,sourceTree:|,,isa:PBXBuildFile,settings:ATTRIBUTES:|,,,displayName:EventEmitters.h,fileRef:displayName:|,includeInIndex:|,isa:|,lastKnownFileType:|,path:|,sourceTree:|,,isa:PBXBuildFile,settings:ATTRIBUTES:|,,,displayName:Props.h,fileRef:displayName:|,includeInIndex:|,isa:|,lastKnownFileType:|,path:|,sourceTree:|,,isa:PBXBuildFile,settings:ATTRIBUTES:|,,,displayName:RCTComponentViewHelpers.h,fileRef:displayName:|,includeInIndex:|,isa:|,lastKnownFileType:|,path:|,sourceTree:|,,isa:PBXBuildFile,settings:ATTRIBUTES:|,,,displayName:ShadowNodes.h,fileRef:displayName:|,includeInIndex:|,isa:|,lastKnownFileType:|,path:|,sourceTree:|,,isa:PBXBuildFile,settings:ATTRIBUTES:|,,,displayName:States.h,fileRef:displayName:|,includeInIndex:|,isa:|,lastKnownFileType:|,path:|,sourceTree:|,,isa:PBXBuildFile,settings:ATTRIBUTES:|,,,displayName:ComponentDescriptors.h,fileRef:displayName:|,includeInIndex:|,isa:|,lastKnownFileType:|,path:|,sourceTree:|,,isa:PBXBuildFile,settings:ATTRIBUTES:|,,,displayName:EventEmitters.h,fileRef:displayName:|,includeInIndex:|,isa:|,lastKnownFileType:|,path:|,sourceTree:|,,isa:PBXBuildFile,settings:ATTRIBUTES:|,,,displayName:Props.h,fileRef:displayName:|,includeInIndex:|,isa:|,lastKnownFileType:|,path:|,sourceTree:|,,isa:PBXBuildFile,settings:ATTRIBUTES:|,,,displayName:RCTComponentViewHelpers.h,fileRef:displayName:|,includeInIndex:|,isa:|,lastKnownFileType:|,path:|,sourceTree:|,,isa:PBXBuildFile,settings:ATTRIBUTES:|,,,displayName:ShadowNodes.h,fileRef:displayName:|,includeInIndex:|,isa:|,lastKnownFileType:|,path:|,sourceTree:|,,isa:PBXBuildFile,settings:ATTRIBUTES:|,,,displayName:States.h,fileRef:displayName:|,includeInIndex:|,isa:|,lastKnownFileType:|,path:|,sourceTree:|,,isa:PBXBuildFile,settings:ATTRIBUTES:|,,,displayName:ComponentDescriptors.h,fileRef:displayName:|,includeInIndex:|,isa:|,lastKnownFileType:|,path:|,sourceTree:|,,isa:PBXBuildFile,settings:ATTRIBUTES:|,,,displayName:EventEmitters.h,fileRef:displayName:|,includeInIndex:|,isa:|,lastKnownFileType:|,path:|,sourceTree:|,,isa:PBXBuildFile,settings:ATTRIBUTES:|,,,displayName:Props.h,fileRef:displayName:|,includeInIndex:|,isa:|,lastKnownFileType:|,path:|,sourceTree:|,,isa:PBXBuildFile,settings:ATTRIBUTES:|,,,displayName:RCTComponentViewHelpers.h,fileRef:displayName:|,includeInIndex:|,isa:|,lastKnownFileType:|,path:|,sourceTree:|,,isa:PBXBuildFile,settings:ATTRIBUTES:|,,,displayName:ShadowNodes.h,fileRef:displayName:|,includeInIndex:|,isa:|,lastKnownFileType:|,path:|,sourceTree:|,,isa:PBXBuildFile,settings:ATTRIBUTES:|,,,displayName:States.h,fileRef:displayName:|,includeInIndex:|,isa:|,lastKnownFileType:|,path:|,sourceTree:|,,isa:PBXBuildFile,settings:ATTRIBUTES:|,,,displayName:rnasyncstorage.h,fileRef:displayName:|,includeInIndex:|,isa:|,lastKnownFileType:|,path:|,sourceTree:|,,isa:PBXBuildFile,settings:ATTRIBUTES:|,,,displayName:rnasyncstorageJSI.h,fileRef:displayName:|,includeInIndex:|,isa:|,lastKnownFileType:|,path:|,sourceTree:|,,isa:PBXBuildFile,settings:ATTRIBUTES:|,,,displayName:RNPermissionsSpec.h,fileRef:displayName:|,includeInIndex:|,isa:|,lastKnownFileType:|,path:|,sourceTree:|,,isa:PBXBuildFile,settings:ATTRIBUTES:|,,,displayName:RNPermissionsSpecJSI.h,fileRef:displayName:|,includeInIndex:|,isa:|,lastKnownFileType:|,path:|,sourceTree:|,,isa:PBXBuildFile,settings:ATTRIBUTES:|,,,displayName:rnsvg.h,fileRef:displayName:|,includeInIndex:|,isa:|,lastKnownFileType:|,path:|,sourceTree:|,,isa:PBXBuildFile,settings:ATTRIBUTES:|,,,displayName:rnsvgJSI.h,fileRef:displayName:|,includeInIndex:|,isa:|,lastKnownFileType:|,path:|,sourceTree:|,,isa:PBXBuildFile,settings:ATTRIBUTES:|,,,displayName:ReactCodegen-umbrella.h,fileRef:displayName:|,includeInIndex:|,isa:|,lastKnownFileType:|,path:|,sourceTree:|,,isa:PBXBuildFile,settings:ATTRIBUTES:|,,,isa:PBXHeadersBuildPhase,runOnlyForDeploymentPostprocessing:0,/files/displayName:Props.h,fileRef:displayName:Props.h,includeInIndex:1,isa:PBXFileReference,lastKnownFileType:sourcecode.c.h,path:Props.h,sourceTree:<group>,,isa:PBXBuildFile,settings:ATTRIBUTES:Project,,
PBXBuildFile -- Pods.xcodeproj/targets/buildConfigurationList:buildConfigurations:baseConfigurationReference:|,buildSettings:|,displayName:|,isa:|,name:|,,baseConfigurationReference:|,buildSettings:|,displayName:|,isa:|,name:|,,defaultConfigurationIsVisible:0,defaultConfigurationName:Release,displayName:ConfigurationList,isa:XCConfigurationList,,buildPhases:buildActionMask:2147483647,displayName:Headers,files:|,|,isa:PBXHeadersBuildPhase,runOnlyForDeploymentPostprocessing:0,,buildActionMask:2147483647,displayName:Sources,files:|,|,isa:PBXSourcesBuildPhase,runOnlyForDeploymentPostprocessing:0,,buildActionMask:2147483647,displayName:Frameworks,files:,isa:PBXFrameworksBuildPhase,runOnlyForDeploymentPostprocessing:0,,buildRules:,dependencies:displayName:RNCAsyncStorage-RNCAsyncStorage_resources,isa:PBXTargetDependency,targetProxy:containerPortal:|,displayName:|,isa:|,proxyType:|,remoteGlobalIDString:|,remoteInfo:|,,,displayName:React-Core,isa:PBXTargetDependency,targetProxy:containerPortal:|,displayName:|,isa:|,proxyType:|,remoteGlobalIDString:|,remoteInfo:|,,,displayName:RCT-Folly,isa:PBXTargetDependency,targetProxy:containerPortal:|,displayName:|,isa:|,proxyType:|,remoteGlobalIDString:|,remoteInfo:|,,,displayName:glog,isa:PBXTargetDependency,targetProxy:containerPortal:|,displayName:|,isa:|,proxyType:|,remoteGlobalIDString:|,remoteInfo:|,,,displayName:React-RCTFabric,isa:PBXTargetDependency,targetProxy:containerPortal:|,displayName:|,isa:|,proxyType:|,remoteGlobalIDString:|,remoteInfo:|,,,displayName:ReactCodegen,isa:PBXTargetDependency,targetProxy:containerPortal:|,displayName:|,isa:|,proxyType:|,remoteGlobalIDString:|,remoteInfo:|,,,displayName:RCTRequired,isa:PBXTargetDependency,targetProxy:containerPortal:|,displayName:|,isa:|,proxyType:|,remoteGlobalIDString:|,remoteInfo:|,,,displayName:RCTTypeSafety,isa:PBXTargetDependency,targetProxy:containerPortal:|,displayName:|,isa:|,proxyType:|,remoteGlobalIDString:|,remoteInfo:|,,,displayName:ReactCommon,isa:PBXTargetDependency,targetProxy:containerPortal:|,displayName:|,isa:|,proxyType:|,remoteGlobalIDString:|,remoteInfo:|,,,displayName:React-NativeModulesApple,isa:PBXTargetDependency,targetProxy:containerPortal:|,displayName:|,isa:|,proxyType:|,remoteGlobalIDString:|,remoteInfo:|,,,displayName:Yoga,isa:PBXTargetDependency,targetProxy:containerPortal:|,displayName:|,isa:|,proxyType:|,remoteGlobalIDString:|,remoteInfo:|,,,displayName:React-Fabric,isa:PBXTargetDependency,targetProxy:containerPortal:|,displayName:|,isa:|,proxyType:|,remoteGlobalIDString:|,remoteInfo:|,,,displayName:React-graphics,isa:PBXTargetDependency,targetProxy:containerPortal:|,displayName:|,isa:|,proxyType:|,remoteGlobalIDString:|,remoteInfo:|,,,displayName:React-utils,isa:PBXTargetDependency,targetProxy:containerPortal:|,displayName:|,isa:|,proxyType:|,remoteGlobalIDString:|,remoteInfo:|,,,displayName:React-featureflags,isa:PBXTargetDependency,targetProxy:containerPortal:|,displayName:|,isa:|,proxyType:|,remoteGlobalIDString:|,remoteInfo:|,,,displayName:React-debug,isa:PBXTargetDependency,targetProxy:containerPortal:|,displayName:|,isa:|,proxyType:|,remoteGlobalIDString:|,remoteInfo:|,,,displayName:React-ImageManager,isa:PBXTargetDependency,targetProxy:containerPortal:|,displayName:|,isa:|,proxyType:|,remoteGlobalIDString:|,remoteInfo:|,,,displayName:React-rendererdebug,isa:PBXTargetDependency,targetProxy:containerPortal:|,displayName:|,isa:|,proxyType:|,remoteGlobalIDString:|,remoteInfo:|,,,displayName:DoubleConversion,isa:PBXTargetDependency,targetProxy:containerPortal:|,displayName:|,isa:|,proxyType:|,remoteGlobalIDString:|,remoteInfo:|,,,displayName:React-jsi,isa:PBXTargetDependency,targetProxy:containerPortal:|,displayName:|,isa:|,proxyType:|,remoteGlobalIDString:|,remoteInfo:|,,,displayName:React-renderercss,isa:PBXTargetDependency,targetProxy:containerPortal:|,displayName:|,isa:|,proxyType:|,remoteGlobalIDString:|,remoteInfo:|,,,displayName:hermes-engine,isa:PBXTargetDependency,targetProxy:containerPortal:|,displayName:|,isa:|,proxyType:|,remoteGlobalIDString:|,remoteInfo:|,,,displayName:React-hermes,isa:PBXTargetDependency,targetProxy:containerPortal:|,displayName:|,isa:|,proxyType:|,remoteGlobalIDString:|,remoteInfo:|,,,displayName:RNCAsyncStorage,fileSystemSynchronizedGroups:,isa:PBXNativeTarget,name:RNCAsyncStorage,packageProductDependencies:,productName:RNCAsyncStorage,productReference:displayName:RNCAsyncStorage,explicitFileType:archive.ar,includeInIndex:0,isa:PBXFileReference,name:RNCAsyncStorage,path:libRNCAsyncStorage.a,sourceTree:BUILT_PRODUCTS_DIR,,productType:com.apple.product-type.library.static,/dependencies/displayName:ReactCodegen,isa:PBXTargetDependency,targetProxy:containerPortal:46EB2E00000000,displayName:ContainerItemProxy,isa:PBXContainerItemProxy,proxyType:1,remoteGlobalIDString:46EB2E0001D660,remoteInfo:ReactCodegen,,/target/buildPhases/buildActionMask:2147483647,displayName:Headers,files:displayName:RCTModuleProviders.h,fileRef:displayName:|,includeInIndex:|,isa:|,lastKnownFileType:|,path:|,sourceTree:|,,isa:PBXBuildFile,settings:ATTRIBUTES:|,,,displayName:RCTModulesConformingToProtocolsProvider.h,fileRef:displayName:|,includeInIndex:|,isa:|,lastKnownFileType:|,path:|,sourceTree:|,,isa:PBXBuildFile,settings:ATTRIBUTES:|,,,displayName:RCTThirdPartyComponentsProvider.h,fileRef:displayName:|,includeInIndex:|,isa:|,lastKnownFileType:|,path:|,sourceTree:|,,isa:PBXBuildFile,settings:ATTRIBUTES:|,,,displayName:ComponentDescriptors.h,fileRef:displayName:|,includeInIndex:|,isa:|,lastKnownFileType:|,path:|,sourceTree:|,,isa:PBXBuildFile,settings:ATTRIBUTES:|,,,displayName:EventEmitters.h,fileRef:displayName:|,includeInIndex:|,isa:|,lastKnownFileType:|,path:|,sourceTree:|,,isa:PBXBuildFile,settings:ATTRIBUTES:|,,,displayName:Props.h,fileRef:displayName:|,includeInIndex:|,isa:|,lastKnownFileType:|,path:|,sourceTree:|,,isa:PBXBuildFile,settings:ATTRIBUTES:|,,,displayName:RCTComponentViewHelpers.h,fileRef:displayName:|,includeInIndex:|,isa:|,lastKnownFileType:|,path:|,sourceTree:|,,isa:PBXBuildFile,settings:ATTRIBUTES:|,,,displayName:ShadowNodes.h,fileRef:displayName:|,includeInIndex:|,isa:|,lastKnownFileType:|,path:|,sourceTree:|,,isa:PBXBuildFile,settings:ATTRIBUTES:|,,,displayName:States.h,fileRef:displayName:|,includeInIndex:|,isa:|,lastKnownFileType:|,path:|,sourceTree:|,,isa:PBXBuildFile,settings:ATTRIBUTES:|,,,displayName:ComponentDescriptors.h,fileRef:displayName:|,includeInIndex:|,isa:|,lastKnownFileType:|,path:|,sourceTree:|,,isa:PBXBuildFile,settings:ATTRIBUTES:|,,,displayName:EventEmitters.h,fileRef:displayName:|,includeInIndex:|,isa:|,lastKnownFileType:|,path:|,sourceTree:|,,isa:PBXBuildFile,settings:ATTRIBUTES:|,,,displayName:Props.h,fileRef:displayName:|,includeInIndex:|,isa:|,lastKnownFileType:|,path:|,sourceTree:|,,isa:PBXBuildFile,settings:ATTRIBUTES:|,,,displayName:RCTComponentViewHelpers.h,fileRef:displayName:|,includeInIndex:|,isa:|,lastKnownFileType:|,path:|,sourceTree:|,,isa:PBXBuildFile,settings:ATTRIBUTES:|,,,displayName:ShadowNodes.h,fileRef:displayName:|,includeInIndex:|,isa:|,lastKnownFileType:|,path:|,sourceTree:|,,isa:PBXBuildFile,settings:ATTRIBUTES:|,,,displayName:States.h,fileRef:displayName:|,includeInIndex:|,isa:|,lastKnownFileType:|,path:|,sourceTree:|,,isa:PBXBuildFile,settings:ATTRIBUTES:|,,,displayName:ComponentDescriptors.h,fileRef:displayName:|,includeInIndex:|,isa:|,lastKnownFileType:|,path:|,sourceTree:|,,isa:PBXBuildFile,settings:ATTRIBUTES:|,,,displayName:EventEmitters.h,fileRef:displayName:|,includeInIndex:|,isa:|,lastKnownFileType:|,path:|,sourceTree:|,,isa:PBXBuildFile,settings:ATTRIBUTES:|,,,displayName:Props.h,fileRef:displayName:|,includeInIndex:|,isa:|,lastKnownFileType:|,path:|,sourceTree:|,,isa:PBXBuildFile,settings:ATTRIBUTES:|,,,displayName:RCTComponentViewHelpers.h,fileRef:displayName:|,includeInIndex:|,isa:|,lastKnownFileType:|,path:|,sourceTree:|,,isa:PBXBuildFile,settings:ATTRIBUTES:|,,,displayName:ShadowNodes.h,fileRef:displayName:|,includeInIndex:|,isa:|,lastKnownFileType:|,path:|,sourceTree:|,,isa:PBXBuildFile,settings:ATTRIBUTES:|,,,displayName:States.h,fileRef:displayName:|,includeInIndex:|,isa:|,lastKnownFileType:|,path:|,sourceTree:|,,isa:PBXBuildFile,settings:ATTRIBUTES:|,,,displayName:rnasyncstorage.h,fileRef:displayName:|,includeInIndex:|,isa:|,lastKnownFileType:|,path:|,sourceTree:|,,isa:PBXBuildFile,settings:ATTRIBUTES:|,,,displayName:rnasyncstorageJSI.h,fileRef:displayName:|,includeInIndex:|,isa:|,lastKnownFileType:|,path:|,sourceTree:|,,isa:PBXBuildFile,settings:ATTRIBUTES:|,,,displayName:RNPermissionsSpec.h,fileRef:displayName:|,includeInIndex:|,isa:|,lastKnownFileType:|,path:|,sourceTree:|,,isa:PBXBuildFile,settings:ATTRIBUTES:|,,,displayName:RNPermissionsSpecJSI.h,fileRef:displayName:|,includeInIndex:|,isa:|,lastKnownFileType:|,path:|,sourceTree:|,,isa:PBXBuildFile,settings:ATTRIBUTES:|,,,displayName:rnsvg.h,fileRef:displayName:|,includeInIndex:|,isa:|,lastKnownFileType:|,path:|,sourceTree:|,,isa:PBXBuildFile,settings:ATTRIBUTES:|,,,displayName:rnsvgJSI.h,fileRef:displayName:|,includeInIndex:|,isa:|,lastKnownFileType:|,path:|,sourceTree:|,,isa:PBXBuildFile,settings:ATTRIBUTES:|,,,displayName:ReactCodegen-umbrella.h,fileRef:displayName:|,includeInIndex:|,isa:|,lastKnownFileType:|,path:|,sourceTree:|,,isa:PBXBuildFile,settings:ATTRIBUTES:|,,,isa:PBXHeadersBuildPhase,runOnlyForDeploymentPostprocessing:0,/files/displayName:RCTComponentViewHelpers.h,fileRef:displayName:RCTComponentViewHelpers.h,includeInIndex:1,isa:PBXFileReference,lastKnownFileType:sourcecode.c.h,path:RCTComponentViewHelpers.h,sourceTree:<group>,,isa:PBXBuildFile,settings:ATTRIBUTES:Project,,
PBXBuildFile -- Pods.xcodeproj/targets/buildConfigurationList:buildConfigurations:baseConfigurationReference:|,buildSettings:|,displayName:|,isa:|,name:|,,baseConfigurationReference:|,buildSettings:|,displayName:|,isa:|,name:|,,defaultConfigurationIsVisible:0,defaultConfigurationName:Release,displayName:ConfigurationList,isa:XCConfigurationList,,buildPhases:buildActionMask:2147483647,displayName:Headers,files:|,|,isa:PBXHeadersBuildPhase,runOnlyForDeploymentPostprocessing:0,,buildActionMask:2147483647,displayName:Sources,files:|,|,isa:PBXSourcesBuildPhase,runOnlyForDeploymentPostprocessing:0,,buildActionMask:2147483647,displayName:Frameworks,files:,isa:PBXFrameworksBuildPhase,runOnlyForDeploymentPostprocessing:0,,buildRules:,dependencies:displayName:RNCAsyncStorage-RNCAsyncStorage_resources,isa:PBXTargetDependency,targetProxy:containerPortal:|,displayName:|,isa:|,proxyType:|,remoteGlobalIDString:|,remoteInfo:|,,,displayName:React-Core,isa:PBXTargetDependency,targetProxy:containerPortal:|,displayName:|,isa:|,proxyType:|,remoteGlobalIDString:|,remoteInfo:|,,,displayName:RCT-Folly,isa:PBXTargetDependency,targetProxy:containerPortal:|,displayName:|,isa:|,proxyType:|,remoteGlobalIDString:|,remoteInfo:|,,,displayName:glog,isa:PBXTargetDependency,targetProxy:containerPortal:|,displayName:|,isa:|,proxyType:|,remoteGlobalIDString:|,remoteInfo:|,,,displayName:React-RCTFabric,isa:PBXTargetDependency,targetProxy:containerPortal:|,displayName:|,isa:|,proxyType:|,remoteGlobalIDString:|,remoteInfo:|,,,displayName:ReactCodegen,isa:PBXTargetDependency,targetProxy:containerPortal:|,displayName:|,isa:|,proxyType:|,remoteGlobalIDString:|,remoteInfo:|,,,displayName:RCTRequired,isa:PBXTargetDependency,targetProxy:containerPortal:|,displayName:|,isa:|,proxyType:|,remoteGlobalIDString:|,remoteInfo:|,,,displayName:RCTTypeSafety,isa:PBXTargetDependency,targetProxy:containerPortal:|,displayName:|,isa:|,proxyType:|,remoteGlobalIDString:|,remoteInfo:|,,,displayName:ReactCommon,isa:PBXTargetDependency,targetProxy:containerPortal:|,displayName:|,isa:|,proxyType:|,remoteGlobalIDString:|,remoteInfo:|,,,displayName:React-NativeModulesApple,isa:PBXTargetDependency,targetProxy:containerPortal:|,displayName:|,isa:|,proxyType:|,remoteGlobalIDString:|,remoteInfo:|,,,displayName:Yoga,isa:PBXTargetDependency,targetProxy:containerPortal:|,displayName:|,isa:|,proxyType:|,remoteGlobalIDString:|,remoteInfo:|,,,displayName:React-Fabric,isa:PBXTargetDependency,targetProxy:containerPortal:|,displayName:|,isa:|,proxyType:|,remoteGlobalIDString:|,remoteInfo:|,,,displayName:React-graphics,isa:PBXTargetDependency,targetProxy:containerPortal:|,displayName:|,isa:|,proxyType:|,remoteGlobalIDString:|,remoteInfo:|,,,displayName:React-utils,isa:PBXTargetDependency,targetProxy:containerPortal:|,displayName:|,isa:|,proxyType:|,remoteGlobalIDString:|,remoteInfo:|,,,displayName:React-featureflags,isa:PBXTargetDependency,targetProxy:containerPortal:|,displayName:|,isa:|,proxyType:|,remoteGlobalIDString:|,remoteInfo:|,,,displayName:React-debug,isa:PBXTargetDependency,targetProxy:containerPortal:|,displayName:|,isa:|,proxyType:|,remoteGlobalIDString:|,remoteInfo:|,,,displayName:React-ImageManager,isa:PBXTargetDependency,targetProxy:containerPortal:|,displayName:|,isa:|,proxyType:|,remoteGlobalIDString:|,remoteInfo:|,,,displayName:React-rendererdebug,isa:PBXTargetDependency,targetProxy:containerPortal:|,displayName:|,isa:|,proxyType:|,remoteGlobalIDString:|,remoteInfo:|,,,displayName:DoubleConversion,isa:PBXTargetDependency,targetProxy:containerPortal:|,displayName:|,isa:|,proxyType:|,remoteGlobalIDString:|,remoteInfo:|,,,displayName:React-jsi,isa:PBXTargetDependency,targetProxy:containerPortal:|,displayName:|,isa:|,proxyType:|,remoteGlobalIDString:|,remoteInfo:|,,,displayName:React-renderercss,isa:PBXTargetDependency,targetProxy:containerPortal:|,displayName:|,isa:|,proxyType:|,remoteGlobalIDString:|,remoteInfo:|,,,displayName:hermes-engine,isa:PBXTargetDependency,targetProxy:containerPortal:|,displayName:|,isa:|,proxyType:|,remoteGlobalIDString:|,remoteInfo:|,,,displayName:React-hermes,isa:PBXTargetDependency,targetProxy:containerPortal:|,displayName:|,isa:|,proxyType:|,remoteGlobalIDString:|,remoteInfo:|,,,displayName:RNCAsyncStorage,fileSystemSynchronizedGroups:,isa:PBXNativeTarget,name:RNCAsyncStorage,packageProductDependencies:,productName:RNCAsyncStorage,productReference:displayName:RNCAsyncStorage,explicitFileType:archive.ar,includeInIndex:0,isa:PBXFileReference,name:RNCAsyncStorage,path:libRNCAsyncStorage.a,sourceTree:BUILT_PRODUCTS_DIR,,productType:com.apple.product-type.library.static,/dependencies/displayName:ReactCodegen,isa:PBXTargetDependency,targetProxy:containerPortal:46EB2E00000000,displayName:ContainerItemProxy,isa:PBXContainerItemProxy,proxyType:1,remoteGlobalIDString:46EB2E0001D660,remoteInfo:ReactCodegen,,/target/buildPhases/buildActionMask:2147483647,displayName:Headers,files:displayName:RCTModuleProviders.h,fileRef:displayName:|,includeInIndex:|,isa:|,lastKnownFileType:|,path:|,sourceTree:|,,isa:PBXBuildFile,settings:ATTRIBUTES:|,,,displayName:RCTModulesConformingToProtocolsProvider.h,fileRef:displayName:|,includeInIndex:|,isa:|,lastKnownFileType:|,path:|,sourceTree:|,,isa:PBXBuildFile,settings:ATTRIBUTES:|,,,displayName:RCTThirdPartyComponentsProvider.h,fileRef:displayName:|,includeInIndex:|,isa:|,lastKnownFileType:|,path:|,sourceTree:|,,isa:PBXBuildFile,settings:ATTRIBUTES:|,,,displayName:ComponentDescriptors.h,fileRef:displayName:|,includeInIndex:|,isa:|,lastKnownFileType:|,path:|,sourceTree:|,,isa:PBXBuildFile,settings:ATTRIBUTES:|,,,displayName:EventEmitters.h,fileRef:displayName:|,includeInIndex:|,isa:|,lastKnownFileType:|,path:|,sourceTree:|,,isa:PBXBuildFile,settings:ATTRIBUTES:|,,,displayName:Props.h,fileRef:displayName:|,includeInIndex:|,isa:|,lastKnownFileType:|,path:|,sourceTree:|,,isa:PBXBuildFile,settings:ATTRIBUTES:|,,,displayName:RCTComponentViewHelpers.h,fileRef:displayName:|,includeInIndex:|,isa:|,lastKnownFileType:|,path:|,sourceTree:|,,isa:PBXBuildFile,settings:ATTRIBUTES:|,,,displayName:ShadowNodes.h,fileRef:displayName:|,includeInIndex:|,isa:|,lastKnownFileType:|,path:|,sourceTree:|,,isa:PBXBuildFile,settings:ATTRIBUTES:|,,,displayName:States.h,fileRef:displayName:|,includeInIndex:|,isa:|,lastKnownFileType:|,path:|,sourceTree:|,,isa:PBXBuildFile,settings:ATTRIBUTES:|,,,displayName:ComponentDescriptors.h,fileRef:displayName:|,includeInIndex:|,isa:|,lastKnownFileType:|,path:|,sourceTree:|,,isa:PBXBuildFile,settings:ATTRIBUTES:|,,,displayName:EventEmitters.h,fileRef:displayName:|,includeInIndex:|,isa:|,lastKnownFileType:|,path:|,sourceTree:|,,isa:PBXBuildFile,settings:ATTRIBUTES:|,,,displayName:Props.h,fileRef:displayName:|,includeInIndex:|,isa:|,lastKnownFileType:|,path:|,sourceTree:|,,isa:PBXBuildFile,settings:ATTRIBUTES:|,,,displayName:RCTComponentViewHelpers.h,fileRef:displayName:|,includeInIndex:|,isa:|,lastKnownFileType:|,path:|,sourceTree:|,,isa:PBXBuildFile,settings:ATTRIBUTES:|,,,displayName:ShadowNodes.h,fileRef:displayName:|,includeInIndex:|,isa:|,lastKnownFileType:|,path:|,sourceTree:|,,isa:PBXBuildFile,settings:ATTRIBUTES:|,,,displayName:States.h,fileRef:displayName:|,includeInIndex:|,isa:|,lastKnownFileType:|,path:|,sourceTree:|,,isa:PBXBuildFile,settings:ATTRIBUTES:|,,,displayName:ComponentDescriptors.h,fileRef:displayName:|,includeInIndex:|,isa:|,lastKnownFileType:|,path:|,sourceTree:|,,isa:PBXBuildFile,settings:ATTRIBUTES:|,,,displayName:EventEmitters.h,fileRef:displayName:|,includeInIndex:|,isa:|,lastKnownFileType:|,path:|,sourceTree:|,,isa:PBXBuildFile,settings:ATTRIBUTES:|,,,displayName:Props.h,fileRef:displayName:|,includeInIndex:|,isa:|,lastKnownFileType:|,path:|,sourceTree:|,,isa:PBXBuildFile,settings:ATTRIBUTES:|,,,displayName:RCTComponentViewHelpers.h,fileRef:displayName:|,includeInIndex:|,isa:|,lastKnownFileType:|,path:|,sourceTree:|,,isa:PBXBuildFile,settings:ATTRIBUTES:|,,,displayName:ShadowNodes.h,fileRef:displayName:|,includeInIndex:|,isa:|,lastKnownFileType:|,path:|,sourceTree:|,,isa:PBXBuildFile,settings:ATTRIBUTES:|,,,displayName:States.h,fileRef:displayName:|,includeInIndex:|,isa:|,lastKnownFileType:|,path:|,sourceTree:|,,isa:PBXBuildFile,settings:ATTRIBUTES:|,,,displayName:rnasyncstorage.h,fileRef:displayName:|,includeInIndex:|,isa:|,lastKnownFileType:|,path:|,sourceTree:|,,isa:PBXBuildFile,settings:ATTRIBUTES:|,,,displayName:rnasyncstorageJSI.h,fileRef:displayName:|,includeInIndex:|,isa:|,lastKnownFileType:|,path:|,sourceTree:|,,isa:PBXBuildFile,settings:ATTRIBUTES:|,,,displayName:RNPermissionsSpec.h,fileRef:displayName:|,includeInIndex:|,isa:|,lastKnownFileType:|,path:|,sourceTree:|,,isa:PBXBuildFile,settings:ATTRIBUTES:|,,,displayName:RNPermissionsSpecJSI.h,fileRef:displayName:|,includeInIndex:|,isa:|,lastKnownFileType:|,path:|,sourceTree:|,,isa:PBXBuildFile,settings:ATTRIBUTES:|,,,displayName:rnsvg.h,fileRef:displayName:|,includeInIndex:|,isa:|,lastKnownFileType:|,path:|,sourceTree:|,,isa:PBXBuildFile,settings:ATTRIBUTES:|,,,displayName:rnsvgJSI.h,fileRef:displayName:|,includeInIndex:|,isa:|,lastKnownFileType:|,path:|,sourceTree:|,,isa:PBXBuildFile,settings:ATTRIBUTES:|,,,displayName:ReactCodegen-umbrella.h,fileRef:displayName:|,includeInIndex:|,isa:|,lastKnownFileType:|,path:|,sourceTree:|,,isa:PBXBuildFile,settings:ATTRIBUTES:|,,,isa:PBXHeadersBuildPhase,runOnlyForDeploymentPostprocessing:0,/files/displayName:ShadowNodes.h,fileRef:displayName:ShadowNodes.h,includeInIndex:1,isa:PBXFileReference,lastKnownFileType:sourcecode.c.h,path:ShadowNodes.h,sourceTree:<group>,,isa:PBXBuildFile,settings:ATTRIBUTES:Project,,
PBXBuildFile -- Pods.xcodeproj/targets/buildConfigurationList:buildConfigurations:baseConfigurationReference:|,buildSettings:|,displayName:|,isa:|,name:|,,baseConfigurationReference:|,buildSettings:|,displayName:|,isa:|,name:|,,defaultConfigurationIsVisible:0,defaultConfigurationName:Release,displayName:ConfigurationList,isa:XCConfigurationList,,buildPhases:buildActionMask:2147483647,displayName:Headers,files:|,|,isa:PBXHeadersBuildPhase,runOnlyForDeploymentPostprocessing:0,,buildActionMask:2147483647,displayName:Sources,files:|,|,isa:PBXSourcesBuildPhase,runOnlyForDeploymentPostprocessing:0,,buildActionMask:2147483647,displayName:Frameworks,files:,isa:PBXFrameworksBuildPhase,runOnlyForDeploymentPostprocessing:0,,buildRules:,dependencies:displayName:RNCAsyncStorage-RNCAsyncStorage_resources,isa:PBXTargetDependency,targetProxy:containerPortal:|,displayName:|,isa:|,proxyType:|,remoteGlobalIDString:|,remoteInfo:|,,,displayName:React-Core,isa:PBXTargetDependency,targetProxy:containerPortal:|,displayName:|,isa:|,proxyType:|,remoteGlobalIDString:|,remoteInfo:|,,,displayName:RCT-Folly,isa:PBXTargetDependency,targetProxy:containerPortal:|,displayName:|,isa:|,proxyType:|,remoteGlobalIDString:|,remoteInfo:|,,,displayName:glog,isa:PBXTargetDependency,targetProxy:containerPortal:|,displayName:|,isa:|,proxyType:|,remoteGlobalIDString:|,remoteInfo:|,,,displayName:React-RCTFabric,isa:PBXTargetDependency,targetProxy:containerPortal:|,displayName:|,isa:|,proxyType:|,remoteGlobalIDString:|,remoteInfo:|,,,displayName:ReactCodegen,isa:PBXTargetDependency,targetProxy:containerPortal:|,displayName:|,isa:|,proxyType:|,remoteGlobalIDString:|,remoteInfo:|,,,displayName:RCTRequired,isa:PBXTargetDependency,targetProxy:containerPortal:|,displayName:|,isa:|,proxyType:|,remoteGlobalIDString:|,remoteInfo:|,,,displayName:RCTTypeSafety,isa:PBXTargetDependency,targetProxy:containerPortal:|,displayName:|,isa:|,proxyType:|,remoteGlobalIDString:|,remoteInfo:|,,,displayName:ReactCommon,isa:PBXTargetDependency,targetProxy:containerPortal:|,displayName:|,isa:|,proxyType:|,remoteGlobalIDString:|,remoteInfo:|,,,displayName:React-NativeModulesApple,isa:PBXTargetDependency,targetProxy:containerPortal:|,displayName:|,isa:|,proxyType:|,remoteGlobalIDString:|,remoteInfo:|,,,displayName:Yoga,isa:PBXTargetDependency,targetProxy:containerPortal:|,displayName:|,isa:|,proxyType:|,remoteGlobalIDString:|,remoteInfo:|,,,displayName:React-Fabric,isa:PBXTargetDependency,targetProxy:containerPortal:|,displayName:|,isa:|,proxyType:|,remoteGlobalIDString:|,remoteInfo:|,,,displayName:React-graphics,isa:PBXTargetDependency,targetProxy:containerPortal:|,displayName:|,isa:|,proxyType:|,remoteGlobalIDString:|,remoteInfo:|,,,displayName:React-utils,isa:PBXTargetDependency,targetProxy:containerPortal:|,displayName:|,isa:|,proxyType:|,remoteGlobalIDString:|,remoteInfo:|,,,displayName:React-featureflags,isa:PBXTargetDependency,targetProxy:containerPortal:|,displayName:|,isa:|,proxyType:|,remoteGlobalIDString:|,remoteInfo:|,,,displayName:React-debug,isa:PBXTargetDependency,targetProxy:containerPortal:|,displayName:|,isa:|,proxyType:|,remoteGlobalIDString:|,remoteInfo:|,,,displayName:React-ImageManager,isa:PBXTargetDependency,targetProxy:containerPortal:|,displayName:|,isa:|,proxyType:|,remoteGlobalIDString:|,remoteInfo:|,,,displayName:React-rendererdebug,isa:PBXTargetDependency,targetProxy:containerPortal:|,displayName:|,isa:|,proxyType:|,remoteGlobalIDString:|,remoteInfo:|,,,displayName:DoubleConversion,isa:PBXTargetDependency,targetProxy:containerPortal:|,displayName:|,isa:|,proxyType:|,remoteGlobalIDString:|,remoteInfo:|,,,displayName:React-jsi,isa:PBXTargetDependency,targetProxy:containerPortal:|,displayName:|,isa:|,proxyType:|,remoteGlobalIDString:|,remoteInfo:|,,,displayName:React-renderercss,isa:PBXTargetDependency,targetProxy:containerPortal:|,displayName:|,isa:|,proxyType:|,remoteGlobalIDString:|,remoteInfo:|,,,displayName:hermes-engine,isa:PBXTargetDependency,targetProxy:containerPortal:|,displayName:|,isa:|,proxyType:|,remoteGlobalIDString:|,remoteInfo:|,,,displayName:React-hermes,isa:PBXTargetDependency,targetProxy:containerPortal:|,displayName:|,isa:|,proxyType:|,remoteGlobalIDString:|,remoteInfo:|,,,displayName:RNCAsyncStorage,fileSystemSynchronizedGroups:,isa:PBXNativeTarget,name:RNCAsyncStorage,packageProductDependencies:,productName:RNCAsyncStorage,productReference:displayName:RNCAsyncStorage,explicitFileType:archive.ar,includeInIndex:0,isa:PBXFileReference,name:RNCAsyncStorage,path:libRNCAsyncStorage.a,sourceTree:BUILT_PRODUCTS_DIR,,productType:com.apple.product-type.library.static,/dependencies/displayName:ReactCodegen,isa:PBXTargetDependency,targetProxy:containerPortal:46EB2E00000000,displayName:ContainerItemProxy,isa:PBXContainerItemProxy,proxyType:1,remoteGlobalIDString:46EB2E0001D660,remoteInfo:ReactCodegen,,/target/buildPhases/buildActionMask:2147483647,displayName:Headers,files:displayName:RCTModuleProviders.h,fileRef:displayName:|,includeInIndex:|,isa:|,lastKnownFileType:|,path:|,sourceTree:|,,isa:PBXBuildFile,settings:ATTRIBUTES:|,,,displayName:RCTModulesConformingToProtocolsProvider.h,fileRef:displayName:|,includeInIndex:|,isa:|,lastKnownFileType:|,path:|,sourceTree:|,,isa:PBXBuildFile,settings:ATTRIBUTES:|,,,displayName:RCTThirdPartyComponentsProvider.h,fileRef:displayName:|,includeInIndex:|,isa:|,lastKnownFileType:|,path:|,sourceTree:|,,isa:PBXBuildFile,settings:ATTRIBUTES:|,,,displayName:ComponentDescriptors.h,fileRef:displayName:|,includeInIndex:|,isa:|,lastKnownFileType:|,path:|,sourceTree:|,,isa:PBXBuildFile,settings:ATTRIBUTES:|,,,displayName:EventEmitters.h,fileRef:displayName:|,includeInIndex:|,isa:|,lastKnownFileType:|,path:|,sourceTree:|,,isa:PBXBuildFile,settings:ATTRIBUTES:|,,,displayName:Props.h,fileRef:displayName:|,includeInIndex:|,isa:|,lastKnownFileType:|,path:|,sourceTree:|,,isa:PBXBuildFile,settings:ATTRIBUTES:|,,,displayName:RCTComponentViewHelpers.h,fileRef:displayName:|,includeInIndex:|,isa:|,lastKnownFileType:|,path:|,sourceTree:|,,isa:PBXBuildFile,settings:ATTRIBUTES:|,,,displayName:ShadowNodes.h,fileRef:displayName:|,includeInIndex:|,isa:|,lastKnownFileType:|,path:|,sourceTree:|,,isa:PBXBuildFile,settings:ATTRIBUTES:|,,,displayName:States.h,fileRef:displayName:|,includeInIndex:|,isa:|,lastKnownFileType:|,path:|,sourceTree:|,,isa:PBXBuildFile,settings:ATTRIBUTES:|,,,displayName:ComponentDescriptors.h,fileRef:displayName:|,includeInIndex:|,isa:|,lastKnownFileType:|,path:|,sourceTree:|,,isa:PBXBuildFile,settings:ATTRIBUTES:|,,,displayName:EventEmitters.h,fileRef:displayName:|,includeInIndex:|,isa:|,lastKnownFileType:|,path:|,sourceTree:|,,isa:PBXBuildFile,settings:ATTRIBUTES:|,,,displayName:Props.h,fileRef:displayName:|,includeInIndex:|,isa:|,lastKnownFileType:|,path:|,sourceTree:|,,isa:PBXBuildFile,settings:ATTRIBUTES:|,,,displayName:RCTComponentViewHelpers.h,fileRef:displayName:|,includeInIndex:|,isa:|,lastKnownFileType:|,path:|,sourceTree:|,,isa:PBXBuildFile,settings:ATTRIBUTES:|,,,displayName:ShadowNodes.h,fileRef:displayName:|,includeInIndex:|,isa:|,lastKnownFileType:|,path:|,sourceTree:|,,isa:PBXBuildFile,settings:ATTRIBUTES:|,,,displayName:States.h,fileRef:displayName:|,includeInIndex:|,isa:|,lastKnownFileType:|,path:|,sourceTree:|,,isa:PBXBuildFile,settings:ATTRIBUTES:|,,,displayName:ComponentDescriptors.h,fileRef:displayName:|,includeInIndex:|,isa:|,lastKnownFileType:|,path:|,sourceTree:|,,isa:PBXBuildFile,settings:ATTRIBUTES:|,,,displayName:EventEmitters.h,fileRef:displayName:|,includeInIndex:|,isa:|,lastKnownFileType:|,path:|,sourceTree:|,,isa:PBXBuildFile,settings:ATTRIBUTES:|,,,displayName:Props.h,fileRef:displayName:|,includeInIndex:|,isa:|,lastKnownFileType:|,path:|,sourceTree:|,,isa:PBXBuildFile,settings:ATTRIBUTES:|,,,displayName:RCTComponentViewHelpers.h,fileRef:displayName:|,includeInIndex:|,isa:|,lastKnownFileType:|,path:|,sourceTree:|,,isa:PBXBuildFile,settings:ATTRIBUTES:|,,,displayName:ShadowNodes.h,fileRef:displayName:|,includeInIndex:|,isa:|,lastKnownFileType:|,path:|,sourceTree:|,,isa:PBXBuildFile,settings:ATTRIBUTES:|,,,displayName:States.h,fileRef:displayName:|,includeInIndex:|,isa:|,lastKnownFileType:|,path:|,sourceTree:|,,isa:PBXBuildFile,settings:ATTRIBUTES:|,,,displayName:rnasyncstorage.h,fileRef:displayName:|,includeInIndex:|,isa:|,lastKnownFileType:|,path:|,sourceTree:|,,isa:PBXBuildFile,settings:ATTRIBUTES:|,,,displayName:rnasyncstorageJSI.h,fileRef:displayName:|,includeInIndex:|,isa:|,lastKnownFileType:|,path:|,sourceTree:|,,isa:PBXBuildFile,settings:ATTRIBUTES:|,,,displayName:RNPermissionsSpec.h,fileRef:displayName:|,includeInIndex:|,isa:|,lastKnownFileType:|,path:|,sourceTree:|,,isa:PBXBuildFile,settings:ATTRIBUTES:|,,,displayName:RNPermissionsSpecJSI.h,fileRef:displayName:|,includeInIndex:|,isa:|,lastKnownFileType:|,path:|,sourceTree:|,,isa:PBXBuildFile,settings:ATTRIBUTES:|,,,displayName:rnsvg.h,fileRef:displayName:|,includeInIndex:|,isa:|,lastKnownFileType:|,path:|,sourceTree:|,,isa:PBXBuildFile,settings:ATTRIBUTES:|,,,displayName:rnsvgJSI.h,fileRef:displayName:|,includeInIndex:|,isa:|,lastKnownFileType:|,path:|,sourceTree:|,,isa:PBXBuildFile,settings:ATTRIBUTES:|,,,displayName:ReactCodegen-umbrella.h,fileRef:displayName:|,includeInIndex:|,isa:|,lastKnownFileType:|,path:|,sourceTree:|,,isa:PBXBuildFile,settings:ATTRIBUTES:|,,,isa:PBXHeadersBuildPhase,runOnlyForDeploymentPostprocessing:0,/files/displayName:States.h,fileRef:displayName:States.h,includeInIndex:1,isa:PBXFileReference,lastKnownFileType:sourcecode.c.h,path:States.h,sourceTree:<group>,,isa:PBXBuildFile,settings:ATTRIBUTES:Project,,
PBXBuildFile -- Pods.xcodeproj/targets/buildConfigurationList:buildConfigurations:baseConfigurationReference:|,buildSettings:|,displayName:|,isa:|,name:|,,baseConfigurationReference:|,buildSettings:|,displayName:|,isa:|,name:|,,defaultConfigurationIsVisible:0,defaultConfigurationName:Release,displayName:ConfigurationList,isa:XCConfigurationList,,buildPhases:buildActionMask:2147483647,displayName:Headers,files:|,|,isa:PBXHeadersBuildPhase,runOnlyForDeploymentPostprocessing:0,,buildActionMask:2147483647,displayName:Sources,files:|,|,isa:PBXSourcesBuildPhase,runOnlyForDeploymentPostprocessing:0,,buildActionMask:2147483647,displayName:Frameworks,files:,isa:PBXFrameworksBuildPhase,runOnlyForDeploymentPostprocessing:0,,buildRules:,dependencies:displayName:RNCAsyncStorage-RNCAsyncStorage_resources,isa:PBXTargetDependency,targetProxy:containerPortal:|,displayName:|,isa:|,proxyType:|,remoteGlobalIDString:|,remoteInfo:|,,,displayName:React-Core,isa:PBXTargetDependency,targetProxy:containerPortal:|,displayName:|,isa:|,proxyType:|,remoteGlobalIDString:|,remoteInfo:|,,,displayName:RCT-Folly,isa:PBXTargetDependency,targetProxy:containerPortal:|,displayName:|,isa:|,proxyType:|,remoteGlobalIDString:|,remoteInfo:|,,,displayName:glog,isa:PBXTargetDependency,targetProxy:containerPortal:|,displayName:|,isa:|,proxyType:|,remoteGlobalIDString:|,remoteInfo:|,,,displayName:React-RCTFabric,isa:PBXTargetDependency,targetProxy:containerPortal:|,displayName:|,isa:|,proxyType:|,remoteGlobalIDString:|,remoteInfo:|,,,displayName:ReactCodegen,isa:PBXTargetDependency,targetProxy:containerPortal:|,displayName:|,isa:|,proxyType:|,remoteGlobalIDString:|,remoteInfo:|,,,displayName:RCTRequired,isa:PBXTargetDependency,targetProxy:containerPortal:|,displayName:|,isa:|,proxyType:|,remoteGlobalIDString:|,remoteInfo:|,,,displayName:RCTTypeSafety,isa:PBXTargetDependency,targetProxy:containerPortal:|,displayName:|,isa:|,proxyType:|,remoteGlobalIDString:|,remoteInfo:|,,,displayName:ReactCommon,isa:PBXTargetDependency,targetProxy:containerPortal:|,displayName:|,isa:|,proxyType:|,remoteGlobalIDString:|,remoteInfo:|,,,displayName:React-NativeModulesApple,isa:PBXTargetDependency,targetProxy:containerPortal:|,displayName:|,isa:|,proxyType:|,remoteGlobalIDString:|,remoteInfo:|,,,displayName:Yoga,isa:PBXTargetDependency,targetProxy:containerPortal:|,displayName:|,isa:|,proxyType:|,remoteGlobalIDString:|,remoteInfo:|,,,displayName:React-Fabric,isa:PBXTargetDependency,targetProxy:containerPortal:|,displayName:|,isa:|,proxyType:|,remoteGlobalIDString:|,remoteInfo:|,,,displayName:React-graphics,isa:PBXTargetDependency,targetProxy:containerPortal:|,displayName:|,isa:|,proxyType:|,remoteGlobalIDString:|,remoteInfo:|,,,displayName:React-utils,isa:PBXTargetDependency,targetProxy:containerPortal:|,displayName:|,isa:|,proxyType:|,remoteGlobalIDString:|,remoteInfo:|,,,displayName:React-featureflags,isa:PBXTargetDependency,targetProxy:containerPortal:|,displayName:|,isa:|,proxyType:|,remoteGlobalIDString:|,remoteInfo:|,,,displayName:React-debug,isa:PBXTargetDependency,targetProxy:containerPortal:|,displayName:|,isa:|,proxyType:|,remoteGlobalIDString:|,remoteInfo:|,,,displayName:React-ImageManager,isa:PBXTargetDependency,targetProxy:containerPortal:|,displayName:|,isa:|,proxyType:|,remoteGlobalIDString:|,remoteInfo:|,,,displayName:React-rendererdebug,isa:PBXTargetDependency,targetProxy:containerPortal:|,displayName:|,isa:|,proxyType:|,remoteGlobalIDString:|,remoteInfo:|,,,displayName:DoubleConversion,isa:PBXTargetDependency,targetProxy:containerPortal:|,displayName:|,isa:|,proxyType:|,remoteGlobalIDString:|,remoteInfo:|,,,displayName:React-jsi,isa:PBXTargetDependency,targetProxy:containerPortal:|,displayName:|,isa:|,proxyType:|,remoteGlobalIDString:|,remoteInfo:|,,,displayName:React-renderercss,isa:PBXTargetDependency,targetProxy:containerPortal:|,displayName:|,isa:|,proxyType:|,remoteGlobalIDString:|,remoteInfo:|,,,displayName:hermes-engine,isa:PBXTargetDependency,targetProxy:containerPortal:|,displayName:|,isa:|,proxyType:|,remoteGlobalIDString:|,remoteInfo:|,,,displayName:React-hermes,isa:PBXTargetDependency,targetProxy:containerPortal:|,displayName:|,isa:|,proxyType:|,remoteGlobalIDString:|,remoteInfo:|,,,displayName:RNCAsyncStorage,fileSystemSynchronizedGroups:,isa:PBXNativeTarget,name:RNCAsyncStorage,packageProductDependencies:,productName:RNCAsyncStorage,productReference:displayName:RNCAsyncStorage,explicitFileType:archive.ar,includeInIndex:0,isa:PBXFileReference,name:RNCAsyncStorage,path:libRNCAsyncStorage.a,sourceTree:BUILT_PRODUCTS_DIR,,productType:com.apple.product-type.library.static,/dependencies/displayName:ReactCodegen,isa:PBXTargetDependency,targetProxy:containerPortal:46EB2E00000000,displayName:ContainerItemProxy,isa:PBXContainerItemProxy,proxyType:1,remoteGlobalIDString:46EB2E0001D660,remoteInfo:ReactCodegen,,/target/buildPhases/buildActionMask:2147483647,displayName:Headers,files:displayName:RCTModuleProviders.h,fileRef:displayName:|,includeInIndex:|,isa:|,lastKnownFileType:|,path:|,sourceTree:|,,isa:PBXBuildFile,settings:ATTRIBUTES:|,,,displayName:RCTModulesConformingToProtocolsProvider.h,fileRef:displayName:|,includeInIndex:|,isa:|,lastKnownFileType:|,path:|,sourceTree:|,,isa:PBXBuildFile,settings:ATTRIBUTES:|,,,displayName:RCTThirdPartyComponentsProvider.h,fileRef:displayName:|,includeInIndex:|,isa:|,lastKnownFileType:|,path:|,sourceTree:|,,isa:PBXBuildFile,settings:ATTRIBUTES:|,,,displayName:ComponentDescriptors.h,fileRef:displayName:|,includeInIndex:|,isa:|,lastKnownFileType:|,path:|,sourceTree:|,,isa:PBXBuildFile,settings:ATTRIBUTES:|,,,displayName:EventEmitters.h,fileRef:displayName:|,includeInIndex:|,isa:|,lastKnownFileType:|,path:|,sourceTree:|,,isa:PBXBuildFile,settings:ATTRIBUTES:|,,,displayName:Props.h,fileRef:displayName:|,includeInIndex:|,isa:|,lastKnownFileType:|,path:|,sourceTree:|,,isa:PBXBuildFile,settings:ATTRIBUTES:|,,,displayName:RCTComponentViewHelpers.h,fileRef:displayName:|,includeInIndex:|,isa:|,lastKnownFileType:|,path:|,sourceTree:|,,isa:PBXBuildFile,settings:ATTRIBUTES:|,,,displayName:ShadowNodes.h,fileRef:displayName:|,includeInIndex:|,isa:|,lastKnownFileType:|,path:|,sourceTree:|,,isa:PBXBuildFile,settings:ATTRIBUTES:|,,,displayName:States.h,fileRef:displayName:|,includeInIndex:|,isa:|,lastKnownFileType:|,path:|,sourceTree:|,,isa:PBXBuildFile,settings:ATTRIBUTES:|,,,displayName:ComponentDescriptors.h,fileRef:displayName:|,includeInIndex:|,isa:|,lastKnownFileType:|,path:|,sourceTree:|,,isa:PBXBuildFile,settings:ATTRIBUTES:|,,,displayName:EventEmitters.h,fileRef:displayName:|,includeInIndex:|,isa:|,lastKnownFileType:|,path:|,sourceTree:|,,isa:PBXBuildFile,settings:ATTRIBUTES:|,,,displayName:Props.h,fileRef:displayName:|,includeInIndex:|,isa:|,lastKnownFileType:|,path:|,sourceTree:|,,isa:PBXBuildFile,settings:ATTRIBUTES:|,,,displayName:RCTComponentViewHelpers.h,fileRef:displayName:|,includeInIndex:|,isa:|,lastKnownFileType:|,path:|,sourceTree:|,,isa:PBXBuildFile,settings:ATTRIBUTES:|,,,displayName:ShadowNodes.h,fileRef:displayName:|,includeInIndex:|,isa:|,lastKnownFileType:|,path:|,sourceTree:|,,isa:PBXBuildFile,settings:ATTRIBUTES:|,,,displayName:States.h,fileRef:displayName:|,includeInIndex:|,isa:|,lastKnownFileType:|,path:|,sourceTree:|,,isa:PBXBuildFile,settings:ATTRIBUTES:|,,,displayName:ComponentDescriptors.h,fileRef:displayName:|,includeInIndex:|,isa:|,lastKnownFileType:|,path:|,sourceTree:|,,isa:PBXBuildFile,settings:ATTRIBUTES:|,,,displayName:EventEmitters.h,fileRef:displayName:|,includeInIndex:|,isa:|,lastKnownFileType:|,path:|,sourceTree:|,,isa:PBXBuildFile,settings:ATTRIBUTES:|,,,displayName:Props.h,fileRef:displayName:|,includeInIndex:|,isa:|,lastKnownFileType:|,path:|,sourceTree:|,,isa:PBXBuildFile,settings:ATTRIBUTES:|,,,displayName:RCTComponentViewHelpers.h,fileRef:displayName:|,includeInIndex:|,isa:|,lastKnownFileType:|,path:|,sourceTree:|,,isa:PBXBuildFile,settings:ATTRIBUTES:|,,,displayName:ShadowNodes.h,fileRef:displayName:|,includeInIndex:|,isa:|,lastKnownFileType:|,path:|,sourceTree:|,,isa:PBXBuildFile,settings:ATTRIBUTES:|,,,displayName:States.h,fileRef:displayName:|,includeInIndex:|,isa:|,lastKnownFileType:|,path:|,sourceTree:|,,isa:PBXBuildFile,settings:ATTRIBUTES:|,,,displayName:rnasyncstorage.h,fileRef:displayName:|,includeInIndex:|,isa:|,lastKnownFileType:|,path:|,sourceTree:|,,isa:PBXBuildFile,settings:ATTRIBUTES:|,,,displayName:rnasyncstorageJSI.h,fileRef:displayName:|,includeInIndex:|,isa:|,lastKnownFileType:|,path:|,sourceTree:|,,isa:PBXBuildFile,settings:ATTRIBUTES:|,,,displayName:RNPermissionsSpec.h,fileRef:displayName:|,includeInIndex:|,isa:|,lastKnownFileType:|,path:|,sourceTree:|,,isa:PBXBuildFile,settings:ATTRIBUTES:|,,,displayName:RNPermissionsSpecJSI.h,fileRef:displayName:|,includeInIndex:|,isa:|,lastKnownFileType:|,path:|,sourceTree:|,,isa:PBXBuildFile,settings:ATTRIBUTES:|,,,displayName:rnsvg.h,fileRef:displayName:|,includeInIndex:|,isa:|,lastKnownFileType:|,path:|,sourceTree:|,,isa:PBXBuildFile,settings:ATTRIBUTES:|,,,displayName:rnsvgJSI.h,fileRef:displayName:|,includeInIndex:|,isa:|,lastKnownFileType:|,path:|,sourceTree:|,,isa:PBXBuildFile,settings:ATTRIBUTES:|,,,displayName:ReactCodegen-umbrella.h,fileRef:displayName:|,includeInIndex:|,isa:|,lastKnownFileType:|,path:|,sourceTree:|,,isa:PBXBuildFile,settings:ATTRIBUTES:|,,,isa:PBXHeadersBuildPhase,runOnlyForDeploymentPostprocessing:0,/files/displayName:ComponentDescriptors.h,fileRef:displayName:ComponentDescriptors.h,includeInIndex:1,isa:PBXFileReference,lastKnownFileType:sourcecode.c.h,path:ComponentDescriptors.h,sourceTree:<group>,,isa:PBXBuildFile,settings:ATTRIBUTES:Project,,
PBXBuildFile -- Pods.xcodeproj/targets/buildConfigurationList:buildConfigurations:baseConfigurationReference:|,buildSettings:|,displayName:|,isa:|,name:|,,baseConfigurationReference:|,buildSettings:|,displayName:|,isa:|,name:|,,defaultConfigurationIsVisible:0,defaultConfigurationName:Release,displayName:ConfigurationList,isa:XCConfigurationList,,buildPhases:buildActionMask:2147483647,displayName:Headers,files:|,|,isa:PBXHeadersBuildPhase,runOnlyForDeploymentPostprocessing:0,,buildActionMask:2147483647,displayName:Sources,files:|,|,isa:PBXSourcesBuildPhase,runOnlyForDeploymentPostprocessing:0,,buildActionMask:2147483647,displayName:Frameworks,files:,isa:PBXFrameworksBuildPhase,runOnlyForDeploymentPostprocessing:0,,buildRules:,dependencies:displayName:RNCAsyncStorage-RNCAsyncStorage_resources,isa:PBXTargetDependency,targetProxy:containerPortal:|,displayName:|,isa:|,proxyType:|,remoteGlobalIDString:|,remoteInfo:|,,,displayName:React-Core,isa:PBXTargetDependency,targetProxy:containerPortal:|,displayName:|,isa:|,proxyType:|,remoteGlobalIDString:|,remoteInfo:|,,,displayName:RCT-Folly,isa:PBXTargetDependency,targetProxy:containerPortal:|,displayName:|,isa:|,proxyType:|,remoteGlobalIDString:|,remoteInfo:|,,,displayName:glog,isa:PBXTargetDependency,targetProxy:containerPortal:|,displayName:|,isa:|,proxyType:|,remoteGlobalIDString:|,remoteInfo:|,,,displayName:React-RCTFabric,isa:PBXTargetDependency,targetProxy:containerPortal:|,displayName:|,isa:|,proxyType:|,remoteGlobalIDString:|,remoteInfo:|,,,displayName:ReactCodegen,isa:PBXTargetDependency,targetProxy:containerPortal:|,displayName:|,isa:|,proxyType:|,remoteGlobalIDString:|,remoteInfo:|,,,displayName:RCTRequired,isa:PBXTargetDependency,targetProxy:containerPortal:|,displayName:|,isa:|,proxyType:|,remoteGlobalIDString:|,remoteInfo:|,,,displayName:RCTTypeSafety,isa:PBXTargetDependency,targetProxy:containerPortal:|,displayName:|,isa:|,proxyType:|,remoteGlobalIDString:|,remoteInfo:|,,,displayName:ReactCommon,isa:PBXTargetDependency,targetProxy:containerPortal:|,displayName:|,isa:|,proxyType:|,remoteGlobalIDString:|,remoteInfo:|,,,displayName:React-NativeModulesApple,isa:PBXTargetDependency,targetProxy:containerPortal:|,displayName:|,isa:|,proxyType:|,remoteGlobalIDString:|,remoteInfo:|,,,displayName:Yoga,isa:PBXTargetDependency,targetProxy:containerPortal:|,displayName:|,isa:|,proxyType:|,remoteGlobalIDString:|,remoteInfo:|,,,displayName:React-Fabric,isa:PBXTargetDependency,targetProxy:containerPortal:|,displayName:|,isa:|,proxyType:|,remoteGlobalIDString:|,remoteInfo:|,,,displayName:React-graphics,isa:PBXTargetDependency,targetProxy:containerPortal:|,displayName:|,isa:|,proxyType:|,remoteGlobalIDString:|,remoteInfo:|,,,displayName:React-utils,isa:PBXTargetDependency,targetProxy:containerPortal:|,displayName:|,isa:|,proxyType:|,remoteGlobalIDString:|,remoteInfo:|,,,displayName:React-featureflags,isa:PBXTargetDependency,targetProxy:containerPortal:|,displayName:|,isa:|,proxyType:|,remoteGlobalIDString:|,remoteInfo:|,,,displayName:React-debug,isa:PBXTargetDependency,targetProxy:containerPortal:|,displayName:|,isa:|,proxyType:|,remoteGlobalIDString:|,remoteInfo:|,,,displayName:React-ImageManager,isa:PBXTargetDependency,targetProxy:containerPortal:|,displayName:|,isa:|,proxyType:|,remoteGlobalIDString:|,remoteInfo:|,,,displayName:React-rendererdebug,isa:PBXTargetDependency,targetProxy:containerPortal:|,displayName:|,isa:|,proxyType:|,remoteGlobalIDString:|,remoteInfo:|,,,displayName:DoubleConversion,isa:PBXTargetDependency,targetProxy:containerPortal:|,displayName:|,isa:|,proxyType:|,remoteGlobalIDString:|,remoteInfo:|,,,displayName:React-jsi,isa:PBXTargetDependency,targetProxy:containerPortal:|,displayName:|,isa:|,proxyType:|,remoteGlobalIDString:|,remoteInfo:|,,,displayName:React-renderercss,isa:PBXTargetDependency,targetProxy:containerPortal:|,displayName:|,isa:|,proxyType:|,remoteGlobalIDString:|,remoteInfo:|,,,displayName:hermes-engine,isa:PBXTargetDependency,targetProxy:containerPortal:|,displayName:|,isa:|,proxyType:|,remoteGlobalIDString:|,remoteInfo:|,,,displayName:React-hermes,isa:PBXTargetDependency,targetProxy:containerPortal:|,displayName:|,isa:|,proxyType:|,remoteGlobalIDString:|,remoteInfo:|,,,displayName:RNCAsyncStorage,fileSystemSynchronizedGroups:,isa:PBXNativeTarget,name:RNCAsyncStorage,packageProductDependencies:,productName:RNCAsyncStorage,productReference:displayName:RNCAsyncStorage,explicitFileType:archive.ar,includeInIndex:0,isa:PBXFileReference,name:RNCAsyncStorage,path:libRNCAsyncStorage.a,sourceTree:BUILT_PRODUCTS_DIR,,productType:com.apple.product-type.library.static,/dependencies/displayName:ReactCodegen,isa:PBXTargetDependency,targetProxy:containerPortal:46EB2E00000000,displayName:ContainerItemProxy,isa:PBXContainerItemProxy,proxyType:1,remoteGlobalIDString:46EB2E0001D660,remoteInfo:ReactCodegen,,/target/buildPhases/buildActionMask:2147483647,displayName:Headers,files:displayName:RCTModuleProviders.h,fileRef:displayName:|,includeInIndex:|,isa:|,lastKnownFileType:|,path:|,sourceTree:|,,isa:PBXBuildFile,settings:ATTRIBUTES:|,,,displayName:RCTModulesConformingToProtocolsProvider.h,fileRef:displayName:|,includeInIndex:|,isa:|,lastKnownFileType:|,path:|,sourceTree:|,,isa:PBXBuildFile,settings:ATTRIBUTES:|,,,displayName:RCTThirdPartyComponentsProvider.h,fileRef:displayName:|,includeInIndex:|,isa:|,lastKnownFileType:|,path:|,sourceTree:|,,isa:PBXBuildFile,settings:ATTRIBUTES:|,,,displayName:ComponentDescriptors.h,fileRef:displayName:|,includeInIndex:|,isa:|,lastKnownFileType:|,path:|,sourceTree:|,,isa:PBXBuildFile,settings:ATTRIBUTES:|,,,displayName:EventEmitters.h,fileRef:displayName:|,includeInIndex:|,isa:|,lastKnownFileType:|,path:|,sourceTree:|,,isa:PBXBuildFile,settings:ATTRIBUTES:|,,,displayName:Props.h,fileRef:displayName:|,includeInIndex:|,isa:|,lastKnownFileType:|,path:|,sourceTree:|,,isa:PBXBuildFile,settings:ATTRIBUTES:|,,,displayName:RCTComponentViewHelpers.h,fileRef:displayName:|,includeInIndex:|,isa:|,lastKnownFileType:|,path:|,sourceTree:|,,isa:PBXBuildFile,settings:ATTRIBUTES:|,,,displayName:ShadowNodes.h,fileRef:displayName:|,includeInIndex:|,isa:|,lastKnownFileType:|,path:|,sourceTree:|,,isa:PBXBuildFile,settings:ATTRIBUTES:|,,,displayName:States.h,fileRef:displayName:|,includeInIndex:|,isa:|,lastKnownFileType:|,path:|,sourceTree:|,,isa:PBXBuildFile,settings:ATTRIBUTES:|,,,displayName:ComponentDescriptors.h,fileRef:displayName:|,includeInIndex:|,isa:|,lastKnownFileType:|,path:|,sourceTree:|,,isa:PBXBuildFile,settings:ATTRIBUTES:|,,,displayName:EventEmitters.h,fileRef:displayName:|,includeInIndex:|,isa:|,lastKnownFileType:|,path:|,sourceTree:|,,isa:PBXBuildFile,settings:ATTRIBUTES:|,,,displayName:Props.h,fileRef:displayName:|,includeInIndex:|,isa:|,lastKnownFileType:|,path:|,sourceTree:|,,isa:PBXBuildFile,settings:ATTRIBUTES:|,,,displayName:RCTComponentViewHelpers.h,fileRef:displayName:|,includeInIndex:|,isa:|,lastKnownFileType:|,path:|,sourceTree:|,,isa:PBXBuildFile,settings:ATTRIBUTES:|,,,displayName:ShadowNodes.h,fileRef:displayName:|,includeInIndex:|,isa:|,lastKnownFileType:|,path:|,sourceTree:|,,isa:PBXBuildFile,settings:ATTRIBUTES:|,,,displayName:States.h,fileRef:displayName:|,includeInIndex:|,isa:|,lastKnownFileType:|,path:|,sourceTree:|,,isa:PBXBuildFile,settings:ATTRIBUTES:|,,,displayName:ComponentDescriptors.h,fileRef:displayName:|,includeInIndex:|,isa:|,lastKnownFileType:|,path:|,sourceTree:|,,isa:PBXBuildFile,settings:ATTRIBUTES:|,,,displayName:EventEmitters.h,fileRef:displayName:|,includeInIndex:|,isa:|,lastKnownFileType:|,path:|,sourceTree:|,,isa:PBXBuildFile,settings:ATTRIBUTES:|,,,displayName:Props.h,fileRef:displayName:|,includeInIndex:|,isa:|,lastKnownFileType:|,path:|,sourceTree:|,,isa:PBXBuildFile,settings:ATTRIBUTES:|,,,displayName:RCTComponentViewHelpers.h,fileRef:displayName:|,includeInIndex:|,isa:|,lastKnownFileType:|,path:|,sourceTree:|,,isa:PBXBuildFile,settings:ATTRIBUTES:|,,,displayName:ShadowNodes.h,fileRef:displayName:|,includeInIndex:|,isa:|,lastKnownFileType:|,path:|,sourceTree:|,,isa:PBXBuildFile,settings:ATTRIBUTES:|,,,displayName:States.h,fileRef:displayName:|,includeInIndex:|,isa:|,lastKnownFileType:|,path:|,sourceTree:|,,isa:PBXBuildFile,settings:ATTRIBUTES:|,,,displayName:rnasyncstorage.h,fileRef:displayName:|,includeInIndex:|,isa:|,lastKnownFileType:|,path:|,sourceTree:|,,isa:PBXBuildFile,settings:ATTRIBUTES:|,,,displayName:rnasyncstorageJSI.h,fileRef:displayName:|,includeInIndex:|,isa:|,lastKnownFileType:|,path:|,sourceTree:|,,isa:PBXBuildFile,settings:ATTRIBUTES:|,,,displayName:RNPermissionsSpec.h,fileRef:displayName:|,includeInIndex:|,isa:|,lastKnownFileType:|,path:|,sourceTree:|,,isa:PBXBuildFile,settings:ATTRIBUTES:|,,,displayName:RNPermissionsSpecJSI.h,fileRef:displayName:|,includeInIndex:|,isa:|,lastKnownFileType:|,path:|,sourceTree:|,,isa:PBXBuildFile,settings:ATTRIBUTES:|,,,displayName:rnsvg.h,fileRef:displayName:|,includeInIndex:|,isa:|,lastKnownFileType:|,path:|,sourceTree:|,,isa:PBXBuildFile,settings:ATTRIBUTES:|,,,displayName:rnsvgJSI.h,fileRef:displayName:|,includeInIndex:|,isa:|,lastKnownFileType:|,path:|,sourceTree:|,,isa:PBXBuildFile,settings:ATTRIBUTES:|,,,displayName:ReactCodegen-umbrella.h,fileRef:displayName:|,includeInIndex:|,isa:|,lastKnownFileType:|,path:|,sourceTree:|,,isa:PBXBuildFile,settings:ATTRIBUTES:|,,,isa:PBXHeadersBuildPhase,runOnlyForDeploymentPostprocessing:0,/files/displayName:EventEmitters.h,fileRef:displayName:EventEmitters.h,includeInIndex:1,isa:PBXFileReference,lastKnownFileType:sourcecode.c.h,path:EventEmitters.h,sourceTree:<group>,,isa:PBXBuildFile,settings:ATTRIBUTES:Project,,
PBXBuildFile -- Pods.xcodeproj/targets/buildConfigurationList:buildConfigurations:baseConfigurationReference:|,buildSettings:|,displayName:|,isa:|,name:|,,baseConfigurationReference:|,buildSettings:|,displayName:|,isa:|,name:|,,defaultConfigurationIsVisible:0,defaultConfigurationName:Release,displayName:ConfigurationList,isa:XCConfigurationList,,buildPhases:buildActionMask:2147483647,displayName:Headers,files:|,|,isa:PBXHeadersBuildPhase,runOnlyForDeploymentPostprocessing:0,,buildActionMask:2147483647,displayName:Sources,files:|,|,isa:PBXSourcesBuildPhase,runOnlyForDeploymentPostprocessing:0,,buildActionMask:2147483647,displayName:Frameworks,files:,isa:PBXFrameworksBuildPhase,runOnlyForDeploymentPostprocessing:0,,buildRules:,dependencies:displayName:RNCAsyncStorage-RNCAsyncStorage_resources,isa:PBXTargetDependency,targetProxy:containerPortal:|,displayName:|,isa:|,proxyType:|,remoteGlobalIDString:|,remoteInfo:|,,,displayName:React-Core,isa:PBXTargetDependency,targetProxy:containerPortal:|,displayName:|,isa:|,proxyType:|,remoteGlobalIDString:|,remoteInfo:|,,,displayName:RCT-Folly,isa:PBXTargetDependency,targetProxy:containerPortal:|,displayName:|,isa:|,proxyType:|,remoteGlobalIDString:|,remoteInfo:|,,,displayName:glog,isa:PBXTargetDependency,targetProxy:containerPortal:|,displayName:|,isa:|,proxyType:|,remoteGlobalIDString:|,remoteInfo:|,,,displayName:React-RCTFabric,isa:PBXTargetDependency,targetProxy:containerPortal:|,displayName:|,isa:|,proxyType:|,remoteGlobalIDString:|,remoteInfo:|,,,displayName:ReactCodegen,isa:PBXTargetDependency,targetProxy:containerPortal:|,displayName:|,isa:|,proxyType:|,remoteGlobalIDString:|,remoteInfo:|,,,displayName:RCTRequired,isa:PBXTargetDependency,targetProxy:containerPortal:|,displayName:|,isa:|,proxyType:|,remoteGlobalIDString:|,remoteInfo:|,,,displayName:RCTTypeSafety,isa:PBXTargetDependency,targetProxy:containerPortal:|,displayName:|,isa:|,proxyType:|,remoteGlobalIDString:|,remoteInfo:|,,,displayName:ReactCommon,isa:PBXTargetDependency,targetProxy:containerPortal:|,displayName:|,isa:|,proxyType:|,remoteGlobalIDString:|,remoteInfo:|,,,displayName:React-NativeModulesApple,isa:PBXTargetDependency,targetProxy:containerPortal:|,displayName:|,isa:|,proxyType:|,remoteGlobalIDString:|,remoteInfo:|,,,displayName:Yoga,isa:PBXTargetDependency,targetProxy:containerPortal:|,displayName:|,isa:|,proxyType:|,remoteGlobalIDString:|,remoteInfo:|,,,displayName:React-Fabric,isa:PBXTargetDependency,targetProxy:containerPortal:|,displayName:|,isa:|,proxyType:|,remoteGlobalIDString:|,remoteInfo:|,,,displayName:React-graphics,isa:PBXTargetDependency,targetProxy:containerPortal:|,displayName:|,isa:|,proxyType:|,remoteGlobalIDString:|,remoteInfo:|,,,displayName:React-utils,isa:PBXTargetDependency,targetProxy:containerPortal:|,displayName:|,isa:|,proxyType:|,remoteGlobalIDString:|,remoteInfo:|,,,displayName:React-featureflags,isa:PBXTargetDependency,targetProxy:containerPortal:|,displayName:|,isa:|,proxyType:|,remoteGlobalIDString:|,remoteInfo:|,,,displayName:React-debug,isa:PBXTargetDependency,targetProxy:containerPortal:|,displayName:|,isa:|,proxyType:|,remoteGlobalIDString:|,remoteInfo:|,,,displayName:React-ImageManager,isa:PBXTargetDependency,targetProxy:containerPortal:|,displayName:|,isa:|,proxyType:|,remoteGlobalIDString:|,remoteInfo:|,,,displayName:React-rendererdebug,isa:PBXTargetDependency,targetProxy:containerPortal:|,displayName:|,isa:|,proxyType:|,remoteGlobalIDString:|,remoteInfo:|,,,displayName:DoubleConversion,isa:PBXTargetDependency,targetProxy:containerPortal:|,displayName:|,isa:|,proxyType:|,remoteGlobalIDString:|,remoteInfo:|,,,displayName:React-jsi,isa:PBXTargetDependency,targetProxy:containerPortal:|,displayName:|,isa:|,proxyType:|,remoteGlobalIDString:|,remoteInfo:|,,,displayName:React-renderercss,isa:PBXTargetDependency,targetProxy:containerPortal:|,displayName:|,isa:|,proxyType:|,remoteGlobalIDString:|,remoteInfo:|,,,displayName:hermes-engine,isa:PBXTargetDependency,targetProxy:containerPortal:|,displayName:|,isa:|,proxyType:|,remoteGlobalIDString:|,remoteInfo:|,,,displayName:React-hermes,isa:PBXTargetDependency,targetProxy:containerPortal:|,displayName:|,isa:|,proxyType:|,remoteGlobalIDString:|,remoteInfo:|,,,displayName:RNCAsyncStorage,fileSystemSynchronizedGroups:,isa:PBXNativeTarget,name:RNCAsyncStorage,packageProductDependencies:,productName:RNCAsyncStorage,productReference:displayName:RNCAsyncStorage,explicitFileType:archive.ar,includeInIndex:0,isa:PBXFileReference,name:RNCAsyncStorage,path:libRNCAsyncStorage.a,sourceTree:BUILT_PRODUCTS_DIR,,productType:com.apple.product-type.library.static,/dependencies/displayName:ReactCodegen,isa:PBXTargetDependency,targetProxy:containerPortal:46EB2E00000000,displayName:ContainerItemProxy,isa:PBXContainerItemProxy,proxyType:1,remoteGlobalIDString:46EB2E0001D660,remoteInfo:ReactCodegen,,/target/buildPhases/buildActionMask:2147483647,displayName:Headers,files:displayName:RCTModuleProviders.h,fileRef:displayName:|,includeInIndex:|,isa:|,lastKnownFileType:|,path:|,sourceTree:|,,isa:PBXBuildFile,settings:ATTRIBUTES:|,,,displayName:RCTModulesConformingToProtocolsProvider.h,fileRef:displayName:|,includeInIndex:|,isa:|,lastKnownFileType:|,path:|,sourceTree:|,,isa:PBXBuildFile,settings:ATTRIBUTES:|,,,displayName:RCTThirdPartyComponentsProvider.h,fileRef:displayName:|,includeInIndex:|,isa:|,lastKnownFileType:|,path:|,sourceTree:|,,isa:PBXBuildFile,settings:ATTRIBUTES:|,,,displayName:ComponentDescriptors.h,fileRef:displayName:|,includeInIndex:|,isa:|,lastKnownFileType:|,path:|,sourceTree:|,,isa:PBXBuildFile,settings:ATTRIBUTES:|,,,displayName:EventEmitters.h,fileRef:displayName:|,includeInIndex:|,isa:|,lastKnownFileType:|,path:|,sourceTree:|,,isa:PBXBuildFile,settings:ATTRIBUTES:|,,,displayName:Props.h,fileRef:displayName:|,includeInIndex:|,isa:|,lastKnownFileType:|,path:|,sourceTree:|,,isa:PBXBuildFile,settings:ATTRIBUTES:|,,,displayName:RCTComponentViewHelpers.h,fileRef:displayName:|,includeInIndex:|,isa:|,lastKnownFileType:|,path:|,sourceTree:|,,isa:PBXBuildFile,settings:ATTRIBUTES:|,,,displayName:ShadowNodes.h,fileRef:displayName:|,includeInIndex:|,isa:|,lastKnownFileType:|,path:|,sourceTree:|,,isa:PBXBuildFile,settings:ATTRIBUTES:|,,,displayName:States.h,fileRef:displayName:|,includeInIndex:|,isa:|,lastKnownFileType:|,path:|,sourceTree:|,,isa:PBXBuildFile,settings:ATTRIBUTES:|,,,displayName:ComponentDescriptors.h,fileRef:displayName:|,includeInIndex:|,isa:|,lastKnownFileType:|,path:|,sourceTree:|,,isa:PBXBuildFile,settings:ATTRIBUTES:|,,,displayName:EventEmitters.h,fileRef:displayName:|,includeInIndex:|,isa:|,lastKnownFileType:|,path:|,sourceTree:|,,isa:PBXBuildFile,settings:ATTRIBUTES:|,,,displayName:Props.h,fileRef:displayName:|,includeInIndex:|,isa:|,lastKnownFileType:|,path:|,sourceTree:|,,isa:PBXBuildFile,settings:ATTRIBUTES:|,,,displayName:RCTComponentViewHelpers.h,fileRef:displayName:|,includeInIndex:|,isa:|,lastKnownFileType:|,path:|,sourceTree:|,,isa:PBXBuildFile,settings:ATTRIBUTES:|,,,displayName:ShadowNodes.h,fileRef:displayName:|,includeInIndex:|,isa:|,lastKnownFileType:|,path:|,sourceTree:|,,isa:PBXBuildFile,settings:ATTRIBUTES:|,,,displayName:States.h,fileRef:displayName:|,includeInIndex:|,isa:|,lastKnownFileType:|,path:|,sourceTree:|,,isa:PBXBuildFile,settings:ATTRIBUTES:|,,,displayName:ComponentDescriptors.h,fileRef:displayName:|,includeInIndex:|,isa:|,lastKnownFileType:|,path:|,sourceTree:|,,isa:PBXBuildFile,settings:ATTRIBUTES:|,,,displayName:EventEmitters.h,fileRef:displayName:|,includeInIndex:|,isa:|,lastKnownFileType:|,path:|,sourceTree:|,,isa:PBXBuildFile,settings:ATTRIBUTES:|,,,displayName:Props.h,fileRef:displayName:|,includeInIndex:|,isa:|,lastKnownFileType:|,path:|,sourceTree:|,,isa:PBXBuildFile,settings:ATTRIBUTES:|,,,displayName:RCTComponentViewHelpers.h,fileRef:displayName:|,includeInIndex:|,isa:|,lastKnownFileType:|,path:|,sourceTree:|,,isa:PBXBuildFile,settings:ATTRIBUTES:|,,,displayName:ShadowNodes.h,fileRef:displayName:|,includeInIndex:|,isa:|,lastKnownFileType:|,path:|,sourceTree:|,,isa:PBXBuildFile,settings:ATTRIBUTES:|,,,displayName:States.h,fileRef:displayName:|,includeInIndex:|,isa:|,lastKnownFileType:|,path:|,sourceTree:|,,isa:PBXBuildFile,settings:ATTRIBUTES:|,,,displayName:rnasyncstorage.h,fileRef:displayName:|,includeInIndex:|,isa:|,lastKnownFileType:|,path:|,sourceTree:|,,isa:PBXBuildFile,settings:ATTRIBUTES:|,,,displayName:rnasyncstorageJSI.h,fileRef:displayName:|,includeInIndex:|,isa:|,lastKnownFileType:|,path:|,sourceTree:|,,isa:PBXBuildFile,settings:ATTRIBUTES:|,,,displayName:RNPermissionsSpec.h,fileRef:displayName:|,includeInIndex:|,isa:|,lastKnownFileType:|,path:|,sourceTree:|,,isa:PBXBuildFile,settings:ATTRIBUTES:|,,,displayName:RNPermissionsSpecJSI.h,fileRef:displayName:|,includeInIndex:|,isa:|,lastKnownFileType:|,path:|,sourceTree:|,,isa:PBXBuildFile,settings:ATTRIBUTES:|,,,displayName:rnsvg.h,fileRef:displayName:|,includeInIndex:|,isa:|,lastKnownFileType:|,path:|,sourceTree:|,,isa:PBXBuildFile,settings:ATTRIBUTES:|,,,displayName:rnsvgJSI.h,fileRef:displayName:|,includeInIndex:|,isa:|,lastKnownFileType:|,path:|,sourceTree:|,,isa:PBXBuildFile,settings:ATTRIBUTES:|,,,displayName:ReactCodegen-umbrella.h,fileRef:displayName:|,includeInIndex:|,isa:|,lastKnownFileType:|,path:|,sourceTree:|,,isa:PBXBuildFile,settings:ATTRIBUTES:|,,,isa:PBXHeadersBuildPhase,runOnlyForDeploymentPostprocessing:0,/files/displayName:Props.h,fileRef:displayName:Props.h,includeInIndex:1,isa:PBXFileReference,lastKnownFileType:sourcecode.c.h,path:Props.h,sourceTree:<group>,,isa:PBXBuildFile,settings:ATTRIBUTES:Project,,
PBXBuildFile -- Pods.xcodeproj/targets/buildConfigurationList:buildConfigurations:baseConfigurationReference:|,buildSettings:|,displayName:|,isa:|,name:|,,baseConfigurationReference:|,buildSettings:|,displayName:|,isa:|,name:|,,defaultConfigurationIsVisible:0,defaultConfigurationName:Release,displayName:ConfigurationList,isa:XCConfigurationList,,buildPhases:buildActionMask:2147483647,displayName:Headers,files:|,|,isa:PBXHeadersBuildPhase,runOnlyForDeploymentPostprocessing:0,,buildActionMask:2147483647,displayName:Sources,files:|,|,isa:PBXSourcesBuildPhase,runOnlyForDeploymentPostprocessing:0,,buildActionMask:2147483647,displayName:Frameworks,files:,isa:PBXFrameworksBuildPhase,runOnlyForDeploymentPostprocessing:0,,buildRules:,dependencies:displayName:RNCAsyncStorage-RNCAsyncStorage_resources,isa:PBXTargetDependency,targetProxy:containerPortal:|,displayName:|,isa:|,proxyType:|,remoteGlobalIDString:|,remoteInfo:|,,,displayName:React-Core,isa:PBXTargetDependency,targetProxy:containerPortal:|,displayName:|,isa:|,proxyType:|,remoteGlobalIDString:|,remoteInfo:|,,,displayName:RCT-Folly,isa:PBXTargetDependency,targetProxy:containerPortal:|,displayName:|,isa:|,proxyType:|,remoteGlobalIDString:|,remoteInfo:|,,,displayName:glog,isa:PBXTargetDependency,targetProxy:containerPortal:|,displayName:|,isa:|,proxyType:|,remoteGlobalIDString:|,remoteInfo:|,,,displayName:React-RCTFabric,isa:PBXTargetDependency,targetProxy:containerPortal:|,displayName:|,isa:|,proxyType:|,remoteGlobalIDString:|,remoteInfo:|,,,displayName:ReactCodegen,isa:PBXTargetDependency,targetProxy:containerPortal:|,displayName:|,isa:|,proxyType:|,remoteGlobalIDString:|,remoteInfo:|,,,displayName:RCTRequired,isa:PBXTargetDependency,targetProxy:containerPortal:|,displayName:|,isa:|,proxyType:|,remoteGlobalIDString:|,remoteInfo:|,,,displayName:RCTTypeSafety,isa:PBXTargetDependency,targetProxy:containerPortal:|,displayName:|,isa:|,proxyType:|,remoteGlobalIDString:|,remoteInfo:|,,,displayName:ReactCommon,isa:PBXTargetDependency,targetProxy:containerPortal:|,displayName:|,isa:|,proxyType:|,remoteGlobalIDString:|,remoteInfo:|,,,displayName:React-NativeModulesApple,isa:PBXTargetDependency,targetProxy:containerPortal:|,displayName:|,isa:|,proxyType:|,remoteGlobalIDString:|,remoteInfo:|,,,displayName:Yoga,isa:PBXTargetDependency,targetProxy:containerPortal:|,displayName:|,isa:|,proxyType:|,remoteGlobalIDString:|,remoteInfo:|,,,displayName:React-Fabric,isa:PBXTargetDependency,targetProxy:containerPortal:|,displayName:|,isa:|,proxyType:|,remoteGlobalIDString:|,remoteInfo:|,,,displayName:React-graphics,isa:PBXTargetDependency,targetProxy:containerPortal:|,displayName:|,isa:|,proxyType:|,remoteGlobalIDString:|,remoteInfo:|,,,displayName:React-utils,isa:PBXTargetDependency,targetProxy:containerPortal:|,displayName:|,isa:|,proxyType:|,remoteGlobalIDString:|,remoteInfo:|,,,displayName:React-featureflags,isa:PBXTargetDependency,targetProxy:containerPortal:|,displayName:|,isa:|,proxyType:|,remoteGlobalIDString:|,remoteInfo:|,,,displayName:React-debug,isa:PBXTargetDependency,targetProxy:containerPortal:|,displayName:|,isa:|,proxyType:|,remoteGlobalIDString:|,remoteInfo:|,,,displayName:React-ImageManager,isa:PBXTargetDependency,targetProxy:containerPortal:|,displayName:|,isa:|,proxyType:|,remoteGlobalIDString:|,remoteInfo:|,,,displayName:React-rendererdebug,isa:PBXTargetDependency,targetProxy:containerPortal:|,displayName:|,isa:|,proxyType:|,remoteGlobalIDString:|,remoteInfo:|,,,displayName:DoubleConversion,isa:PBXTargetDependency,targetProxy:containerPortal:|,displayName:|,isa:|,proxyType:|,remoteGlobalIDString:|,remoteInfo:|,,,displayName:React-jsi,isa:PBXTargetDependency,targetProxy:containerPortal:|,displayName:|,isa:|,proxyType:|,remoteGlobalIDString:|,remoteInfo:|,,,displayName:React-renderercss,isa:PBXTargetDependency,targetProxy:containerPortal:|,displayName:|,isa:|,proxyType:|,remoteGlobalIDString:|,remoteInfo:|,,,displayName:hermes-engine,isa:PBXTargetDependency,targetProxy:containerPortal:|,displayName:|,isa:|,proxyType:|,remoteGlobalIDString:|,remoteInfo:|,,,displayName:React-hermes,isa:PBXTargetDependency,targetProxy:containerPortal:|,displayName:|,isa:|,proxyType:|,remoteGlobalIDString:|,remoteInfo:|,,,displayName:RNCAsyncStorage,fileSystemSynchronizedGroups:,isa:PBXNativeTarget,name:RNCAsyncStorage,packageProductDependencies:,productName:RNCAsyncStorage,productReference:displayName:RNCAsyncStorage,explicitFileType:archive.ar,includeInIndex:0,isa:PBXFileReference,name:RNCAsyncStorage,path:libRNCAsyncStorage.a,sourceTree:BUILT_PRODUCTS_DIR,,productType:com.apple.product-type.library.static,/dependencies/displayName:ReactCodegen,isa:PBXTargetDependency,targetProxy:containerPortal:46EB2E00000000,displayName:ContainerItemProxy,isa:PBXContainerItemProxy,proxyType:1,remoteGlobalIDString:46EB2E0001D660,remoteInfo:ReactCodegen,,/target/buildPhases/buildActionMask:2147483647,displayName:Headers,files:displayName:RCTModuleProviders.h,fileRef:displayName:|,includeInIndex:|,isa:|,lastKnownFileType:|,path:|,sourceTree:|,,isa:PBXBuildFile,settings:ATTRIBUTES:|,,,displayName:RCTModulesConformingToProtocolsProvider.h,fileRef:displayName:|,includeInIndex:|,isa:|,lastKnownFileType:|,path:|,sourceTree:|,,isa:PBXBuildFile,settings:ATTRIBUTES:|,,,displayName:RCTThirdPartyComponentsProvider.h,fileRef:displayName:|,includeInIndex:|,isa:|,lastKnownFileType:|,path:|,sourceTree:|,,isa:PBXBuildFile,settings:ATTRIBUTES:|,,,displayName:ComponentDescriptors.h,fileRef:displayName:|,includeInIndex:|,isa:|,lastKnownFileType:|,path:|,sourceTree:|,,isa:PBXBuildFile,settings:ATTRIBUTES:|,,,displayName:EventEmitters.h,fileRef:displayName:|,includeInIndex:|,isa:|,lastKnownFileType:|,path:|,sourceTree:|,,isa:PBXBuildFile,settings:ATTRIBUTES:|,,,displayName:Props.h,fileRef:displayName:|,includeInIndex:|,isa:|,lastKnownFileType:|,path:|,sourceTree:|,,isa:PBXBuildFile,settings:ATTRIBUTES:|,,,displayName:RCTComponentViewHelpers.h,fileRef:displayName:|,includeInIndex:|,isa:|,lastKnownFileType:|,path:|,sourceTree:|,,isa:PBXBuildFile,settings:ATTRIBUTES:|,,,displayName:ShadowNodes.h,fileRef:displayName:|,includeInIndex:|,isa:|,lastKnownFileType:|,path:|,sourceTree:|,,isa:PBXBuildFile,settings:ATTRIBUTES:|,,,displayName:States.h,fileRef:displayName:|,includeInIndex:|,isa:|,lastKnownFileType:|,path:|,sourceTree:|,,isa:PBXBuildFile,settings:ATTRIBUTES:|,,,displayName:ComponentDescriptors.h,fileRef:displayName:|,includeInIndex:|,isa:|,lastKnownFileType:|,path:|,sourceTree:|,,isa:PBXBuildFile,settings:ATTRIBUTES:|,,,displayName:EventEmitters.h,fileRef:displayName:|,includeInIndex:|,isa:|,lastKnownFileType:|,path:|,sourceTree:|,,isa:PBXBuildFile,settings:ATTRIBUTES:|,,,displayName:Props.h,fileRef:displayName:|,includeInIndex:|,isa:|,lastKnownFileType:|,path:|,sourceTree:|,,isa:PBXBuildFile,settings:ATTRIBUTES:|,,,displayName:RCTComponentViewHelpers.h,fileRef:displayName:|,includeInIndex:|,isa:|,lastKnownFileType:|,path:|,sourceTree:|,,isa:PBXBuildFile,settings:ATTRIBUTES:|,,,displayName:ShadowNodes.h,fileRef:displayName:|,includeInIndex:|,isa:|,lastKnownFileType:|,path:|,sourceTree:|,,isa:PBXBuildFile,settings:ATTRIBUTES:|,,,displayName:States.h,fileRef:displayName:|,includeInIndex:|,isa:|,lastKnownFileType:|,path:|,sourceTree:|,,isa:PBXBuildFile,settings:ATTRIBUTES:|,,,displayName:ComponentDescriptors.h,fileRef:displayName:|,includeInIndex:|,isa:|,lastKnownFileType:|,path:|,sourceTree:|,,isa:PBXBuildFile,settings:ATTRIBUTES:|,,,displayName:EventEmitters.h,fileRef:displayName:|,includeInIndex:|,isa:|,lastKnownFileType:|,path:|,sourceTree:|,,isa:PBXBuildFile,settings:ATTRIBUTES:|,,,displayName:Props.h,fileRef:displayName:|,includeInIndex:|,isa:|,lastKnownFileType:|,path:|,sourceTree:|,,isa:PBXBuildFile,settings:ATTRIBUTES:|,,,displayName:RCTComponentViewHelpers.h,fileRef:displayName:|,includeInIndex:|,isa:|,lastKnownFileType:|,path:|,sourceTree:|,,isa:PBXBuildFile,settings:ATTRIBUTES:|,,,displayName:ShadowNodes.h,fileRef:displayName:|,includeInIndex:|,isa:|,lastKnownFileType:|,path:|,sourceTree:|,,isa:PBXBuildFile,settings:ATTRIBUTES:|,,,displayName:States.h,fileRef:displayName:|,includeInIndex:|,isa:|,lastKnownFileType:|,path:|,sourceTree:|,,isa:PBXBuildFile,settings:ATTRIBUTES:|,,,displayName:rnasyncstorage.h,fileRef:displayName:|,includeInIndex:|,isa:|,lastKnownFileType:|,path:|,sourceTree:|,,isa:PBXBuildFile,settings:ATTRIBUTES:|,,,displayName:rnasyncstorageJSI.h,fileRef:displayName:|,includeInIndex:|,isa:|,lastKnownFileType:|,path:|,sourceTree:|,,isa:PBXBuildFile,settings:ATTRIBUTES:|,,,displayName:RNPermissionsSpec.h,fileRef:displayName:|,includeInIndex:|,isa:|,lastKnownFileType:|,path:|,sourceTree:|,,isa:PBXBuildFile,settings:ATTRIBUTES:|,,,displayName:RNPermissionsSpecJSI.h,fileRef:displayName:|,includeInIndex:|,isa:|,lastKnownFileType:|,path:|,sourceTree:|,,isa:PBXBuildFile,settings:ATTRIBUTES:|,,,displayName:rnsvg.h,fileRef:displayName:|,includeInIndex:|,isa:|,lastKnownFileType:|,path:|,sourceTree:|,,isa:PBXBuildFile,settings:ATTRIBUTES:|,,,displayName:rnsvgJSI.h,fileRef:displayName:|,includeInIndex:|,isa:|,lastKnownFileType:|,path:|,sourceTree:|,,isa:PBXBuildFile,settings:ATTRIBUTES:|,,,displayName:ReactCodegen-umbrella.h,fileRef:displayName:|,includeInIndex:|,isa:|,lastKnownFileType:|,path:|,sourceTree:|,,isa:PBXBuildFile,settings:ATTRIBUTES:|,,,isa:PBXHeadersBuildPhase,runOnlyForDeploymentPostprocessing:0,/files/displayName:RCTComponentViewHelpers.h,fileRef:displayName:RCTComponentViewHelpers.h,includeInIndex:1,isa:PBXFileReference,lastKnownFileType:sourcecode.c.h,path:RCTComponentViewHelpers.h,sourceTree:<group>,,isa:PBXBuildFile,settings:ATTRIBUTES:Project,,
PBXBuildFile -- Pods.xcodeproj/targets/buildConfigurationList:buildConfigurations:baseConfigurationReference:|,buildSettings:|,displayName:|,isa:|,name:|,,baseConfigurationReference:|,buildSettings:|,displayName:|,isa:|,name:|,,defaultConfigurationIsVisible:0,defaultConfigurationName:Release,displayName:ConfigurationList,isa:XCConfigurationList,,buildPhases:buildActionMask:2147483647,displayName:Headers,files:|,|,isa:PBXHeadersBuildPhase,runOnlyForDeploymentPostprocessing:0,,buildActionMask:2147483647,displayName:Sources,files:|,|,isa:PBXSourcesBuildPhase,runOnlyForDeploymentPostprocessing:0,,buildActionMask:2147483647,displayName:Frameworks,files:,isa:PBXFrameworksBuildPhase,runOnlyForDeploymentPostprocessing:0,,buildRules:,dependencies:displayName:RNCAsyncStorage-RNCAsyncStorage_resources,isa:PBXTargetDependency,targetProxy:containerPortal:|,displayName:|,isa:|,proxyType:|,remoteGlobalIDString:|,remoteInfo:|,,,displayName:React-Core,isa:PBXTargetDependency,targetProxy:containerPortal:|,displayName:|,isa:|,proxyType:|,remoteGlobalIDString:|,remoteInfo:|,,,displayName:RCT-Folly,isa:PBXTargetDependency,targetProxy:containerPortal:|,displayName:|,isa:|,proxyType:|,remoteGlobalIDString:|,remoteInfo:|,,,displayName:glog,isa:PBXTargetDependency,targetProxy:containerPortal:|,displayName:|,isa:|,proxyType:|,remoteGlobalIDString:|,remoteInfo:|,,,displayName:React-RCTFabric,isa:PBXTargetDependency,targetProxy:containerPortal:|,displayName:|,isa:|,proxyType:|,remoteGlobalIDString:|,remoteInfo:|,,,displayName:ReactCodegen,isa:PBXTargetDependency,targetProxy:containerPortal:|,displayName:|,isa:|,proxyType:|,remoteGlobalIDString:|,remoteInfo:|,,,displayName:RCTRequired,isa:PBXTargetDependency,targetProxy:containerPortal:|,displayName:|,isa:|,proxyType:|,remoteGlobalIDString:|,remoteInfo:|,,,displayName:RCTTypeSafety,isa:PBXTargetDependency,targetProxy:containerPortal:|,displayName:|,isa:|,proxyType:|,remoteGlobalIDString:|,remoteInfo:|,,,displayName:ReactCommon,isa:PBXTargetDependency,targetProxy:containerPortal:|,displayName:|,isa:|,proxyType:|,remoteGlobalIDString:|,remoteInfo:|,,,displayName:React-NativeModulesApple,isa:PBXTargetDependency,targetProxy:containerPortal:|,displayName:|,isa:|,proxyType:|,remoteGlobalIDString:|,remoteInfo:|,,,displayName:Yoga,isa:PBXTargetDependency,targetProxy:containerPortal:|,displayName:|,isa:|,proxyType:|,remoteGlobalIDString:|,remoteInfo:|,,,displayName:React-Fabric,isa:PBXTargetDependency,targetProxy:containerPortal:|,displayName:|,isa:|,proxyType:|,remoteGlobalIDString:|,remoteInfo:|,,,displayName:React-graphics,isa:PBXTargetDependency,targetProxy:containerPortal:|,displayName:|,isa:|,proxyType:|,remoteGlobalIDString:|,remoteInfo:|,,,displayName:React-utils,isa:PBXTargetDependency,targetProxy:containerPortal:|,displayName:|,isa:|,proxyType:|,remoteGlobalIDString:|,remoteInfo:|,,,displayName:React-featureflags,isa:PBXTargetDependency,targetProxy:containerPortal:|,displayName:|,isa:|,proxyType:|,remoteGlobalIDString:|,remoteInfo:|,,,displayName:React-debug,isa:PBXTargetDependency,targetProxy:containerPortal:|,displayName:|,isa:|,proxyType:|,remoteGlobalIDString:|,remoteInfo:|,,,displayName:React-ImageManager,isa:PBXTargetDependency,targetProxy:containerPortal:|,displayName:|,isa:|,proxyType:|,remoteGlobalIDString:|,remoteInfo:|,,,displayName:React-rendererdebug,isa:PBXTargetDependency,targetProxy:containerPortal:|,displayName:|,isa:|,proxyType:|,remoteGlobalIDString:|,remoteInfo:|,,,displayName:DoubleConversion,isa:PBXTargetDependency,targetProxy:containerPortal:|,displayName:|,isa:|,proxyType:|,remoteGlobalIDString:|,remoteInfo:|,,,displayName:React-jsi,isa:PBXTargetDependency,targetProxy:containerPortal:|,displayName:|,isa:|,proxyType:|,remoteGlobalIDString:|,remoteInfo:|,,,displayName:React-renderercss,isa:PBXTargetDependency,targetProxy:containerPortal:|,displayName:|,isa:|,proxyType:|,remoteGlobalIDString:|,remoteInfo:|,,,displayName:hermes-engine,isa:PBXTargetDependency,targetProxy:containerPortal:|,displayName:|,isa:|,proxyType:|,remoteGlobalIDString:|,remoteInfo:|,,,displayName:React-hermes,isa:PBXTargetDependency,targetProxy:containerPortal:|,displayName:|,isa:|,proxyType:|,remoteGlobalIDString:|,remoteInfo:|,,,displayName:RNCAsyncStorage,fileSystemSynchronizedGroups:,isa:PBXNativeTarget,name:RNCAsyncStorage,packageProductDependencies:,productName:RNCAsyncStorage,productReference:displayName:RNCAsyncStorage,explicitFileType:archive.ar,includeInIndex:0,isa:PBXFileReference,name:RNCAsyncStorage,path:libRNCAsyncStorage.a,sourceTree:BUILT_PRODUCTS_DIR,,productType:com.apple.product-type.library.static,/dependencies/displayName:ReactCodegen,isa:PBXTargetDependency,targetProxy:containerPortal:46EB2E00000000,displayName:ContainerItemProxy,isa:PBXContainerItemProxy,proxyType:1,remoteGlobalIDString:46EB2E0001D660,remoteInfo:ReactCodegen,,/target/buildPhases/buildActionMask:2147483647,displayName:Headers,files:displayName:RCTModuleProviders.h,fileRef:displayName:|,includeInIndex:|,isa:|,lastKnownFileType:|,path:|,sourceTree:|,,isa:PBXBuildFile,settings:ATTRIBUTES:|,,,displayName:RCTModulesConformingToProtocolsProvider.h,fileRef:displayName:|,includeInIndex:|,isa:|,lastKnownFileType:|,path:|,sourceTree:|,,isa:PBXBuildFile,settings:ATTRIBUTES:|,,,displayName:RCTThirdPartyComponentsProvider.h,fileRef:displayName:|,includeInIndex:|,isa:|,lastKnownFileType:|,path:|,sourceTree:|,,isa:PBXBuildFile,settings:ATTRIBUTES:|,,,displayName:ComponentDescriptors.h,fileRef:displayName:|,includeInIndex:|,isa:|,lastKnownFileType:|,path:|,sourceTree:|,,isa:PBXBuildFile,settings:ATTRIBUTES:|,,,displayName:EventEmitters.h,fileRef:displayName:|,includeInIndex:|,isa:|,lastKnownFileType:|,path:|,sourceTree:|,,isa:PBXBuildFile,settings:ATTRIBUTES:|,,,displayName:Props.h,fileRef:displayName:|,includeInIndex:|,isa:|,lastKnownFileType:|,path:|,sourceTree:|,,isa:PBXBuildFile,settings:ATTRIBUTES:|,,,displayName:RCTComponentViewHelpers.h,fileRef:displayName:|,includeInIndex:|,isa:|,lastKnownFileType:|,path:|,sourceTree:|,,isa:PBXBuildFile,settings:ATTRIBUTES:|,,,displayName:ShadowNodes.h,fileRef:displayName:|,includeInIndex:|,isa:|,lastKnownFileType:|,path:|,sourceTree:|,,isa:PBXBuildFile,settings:ATTRIBUTES:|,,,displayName:States.h,fileRef:displayName:|,includeInIndex:|,isa:|,lastKnownFileType:|,path:|,sourceTree:|,,isa:PBXBuildFile,settings:ATTRIBUTES:|,,,displayName:ComponentDescriptors.h,fileRef:displayName:|,includeInIndex:|,isa:|,lastKnownFileType:|,path:|,sourceTree:|,,isa:PBXBuildFile,settings:ATTRIBUTES:|,,,displayName:EventEmitters.h,fileRef:displayName:|,includeInIndex:|,isa:|,lastKnownFileType:|,path:|,sourceTree:|,,isa:PBXBuildFile,settings:ATTRIBUTES:|,,,displayName:Props.h,fileRef:displayName:|,includeInIndex:|,isa:|,lastKnownFileType:|,path:|,sourceTree:|,,isa:PBXBuildFile,settings:ATTRIBUTES:|,,,displayName:RCTComponentViewHelpers.h,fileRef:displayName:|,includeInIndex:|,isa:|,lastKnownFileType:|,path:|,sourceTree:|,,isa:PBXBuildFile,settings:ATTRIBUTES:|,,,displayName:ShadowNodes.h,fileRef:displayName:|,includeInIndex:|,isa:|,lastKnownFileType:|,path:|,sourceTree:|,,isa:PBXBuildFile,settings:ATTRIBUTES:|,,,displayName:States.h,fileRef:displayName:|,includeInIndex:|,isa:|,lastKnownFileType:|,path:|,sourceTree:|,,isa:PBXBuildFile,settings:ATTRIBUTES:|,,,displayName:ComponentDescriptors.h,fileRef:displayName:|,includeInIndex:|,isa:|,lastKnownFileType:|,path:|,sourceTree:|,,isa:PBXBuildFile,settings:ATTRIBUTES:|,,,displayName:EventEmitters.h,fileRef:displayName:|,includeInIndex:|,isa:|,lastKnownFileType:|,path:|,sourceTree:|,,isa:PBXBuildFile,settings:ATTRIBUTES:|,,,displayName:Props.h,fileRef:displayName:|,includeInIndex:|,isa:|,lastKnownFileType:|,path:|,sourceTree:|,,isa:PBXBuildFile,settings:ATTRIBUTES:|,,,displayName:RCTComponentViewHelpers.h,fileRef:displayName:|,includeInIndex:|,isa:|,lastKnownFileType:|,path:|,sourceTree:|,,isa:PBXBuildFile,settings:ATTRIBUTES:|,,,displayName:ShadowNodes.h,fileRef:displayName:|,includeInIndex:|,isa:|,lastKnownFileType:|,path:|,sourceTree:|,,isa:PBXBuildFile,settings:ATTRIBUTES:|,,,displayName:States.h,fileRef:displayName:|,includeInIndex:|,isa:|,lastKnownFileType:|,path:|,sourceTree:|,,isa:PBXBuildFile,settings:ATTRIBUTES:|,,,displayName:rnasyncstorage.h,fileRef:displayName:|,includeInIndex:|,isa:|,lastKnownFileType:|,path:|,sourceTree:|,,isa:PBXBuildFile,settings:ATTRIBUTES:|,,,displayName:rnasyncstorageJSI.h,fileRef:displayName:|,includeInIndex:|,isa:|,lastKnownFileType:|,path:|,sourceTree:|,,isa:PBXBuildFile,settings:ATTRIBUTES:|,,,displayName:RNPermissionsSpec.h,fileRef:displayName:|,includeInIndex:|,isa:|,lastKnownFileType:|,path:|,sourceTree:|,,isa:PBXBuildFile,settings:ATTRIBUTES:|,,,displayName:RNPermissionsSpecJSI.h,fileRef:displayName:|,includeInIndex:|,isa:|,lastKnownFileType:|,path:|,sourceTree:|,,isa:PBXBuildFile,settings:ATTRIBUTES:|,,,displayName:rnsvg.h,fileRef:displayName:|,includeInIndex:|,isa:|,lastKnownFileType:|,path:|,sourceTree:|,,isa:PBXBuildFile,settings:ATTRIBUTES:|,,,displayName:rnsvgJSI.h,fileRef:displayName:|,includeInIndex:|,isa:|,lastKnownFileType:|,path:|,sourceTree:|,,isa:PBXBuildFile,settings:ATTRIBUTES:|,,,displayName:ReactCodegen-umbrella.h,fileRef:displayName:|,includeInIndex:|,isa:|,lastKnownFileType:|,path:|,sourceTree:|,,isa:PBXBuildFile,settings:ATTRIBUTES:|,,,isa:PBXHeadersBuildPhase,runOnlyForDeploymentPostprocessing:0,/files/displayName:ShadowNodes.h,fileRef:displayName:ShadowNodes.h,includeInIndex:1,isa:PBXFileReference,lastKnownFileType:sourcecode.c.h,path:ShadowNodes.h,sourceTree:<group>,,isa:PBXBuildFile,settings:ATTRIBUTES:Project,,
PBXBuildFile -- Pods.xcodeproj/targets/buildConfigurationList:buildConfigurations:baseConfigurationReference:|,buildSettings:|,displayName:|,isa:|,name:|,,baseConfigurationReference:|,buildSettings:|,displayName:|,isa:|,name:|,,defaultConfigurationIsVisible:0,defaultConfigurationName:Release,displayName:ConfigurationList,isa:XCConfigurationList,,buildPhases:buildActionMask:2147483647,displayName:Headers,files:|,|,isa:PBXHeadersBuildPhase,runOnlyForDeploymentPostprocessing:0,,buildActionMask:2147483647,displayName:Sources,files:|,|,isa:PBXSourcesBuildPhase,runOnlyForDeploymentPostprocessing:0,,buildActionMask:2147483647,displayName:Frameworks,files:,isa:PBXFrameworksBuildPhase,runOnlyForDeploymentPostprocessing:0,,buildRules:,dependencies:displayName:RNCAsyncStorage-RNCAsyncStorage_resources,isa:PBXTargetDependency,targetProxy:containerPortal:|,displayName:|,isa:|,proxyType:|,remoteGlobalIDString:|,remoteInfo:|,,,displayName:React-Core,isa:PBXTargetDependency,targetProxy:containerPortal:|,displayName:|,isa:|,proxyType:|,remoteGlobalIDString:|,remoteInfo:|,,,displayName:RCT-Folly,isa:PBXTargetDependency,targetProxy:containerPortal:|,displayName:|,isa:|,proxyType:|,remoteGlobalIDString:|,remoteInfo:|,,,displayName:glog,isa:PBXTargetDependency,targetProxy:containerPortal:|,displayName:|,isa:|,proxyType:|,remoteGlobalIDString:|,remoteInfo:|,,,displayName:React-RCTFabric,isa:PBXTargetDependency,targetProxy:containerPortal:|,displayName:|,isa:|,proxyType:|,remoteGlobalIDString:|,remoteInfo:|,,,displayName:ReactCodegen,isa:PBXTargetDependency,targetProxy:containerPortal:|,displayName:|,isa:|,proxyType:|,remoteGlobalIDString:|,remoteInfo:|,,,displayName:RCTRequired,isa:PBXTargetDependency,targetProxy:containerPortal:|,displayName:|,isa:|,proxyType:|,remoteGlobalIDString:|,remoteInfo:|,,,displayName:RCTTypeSafety,isa:PBXTargetDependency,targetProxy:containerPortal:|,displayName:|,isa:|,proxyType:|,remoteGlobalIDString:|,remoteInfo:|,,,displayName:ReactCommon,isa:PBXTargetDependency,targetProxy:containerPortal:|,displayName:|,isa:|,proxyType:|,remoteGlobalIDString:|,remoteInfo:|,,,displayName:React-NativeModulesApple,isa:PBXTargetDependency,targetProxy:containerPortal:|,displayName:|,isa:|,proxyType:|,remoteGlobalIDString:|,remoteInfo:|,,,displayName:Yoga,isa:PBXTargetDependency,targetProxy:containerPortal:|,displayName:|,isa:|,proxyType:|,remoteGlobalIDString:|,remoteInfo:|,,,displayName:React-Fabric,isa:PBXTargetDependency,targetProxy:containerPortal:|,displayName:|,isa:|,proxyType:|,remoteGlobalIDString:|,remoteInfo:|,,,displayName:React-graphics,isa:PBXTargetDependency,targetProxy:containerPortal:|,displayName:|,isa:|,proxyType:|,remoteGlobalIDString:|,remoteInfo:|,,,displayName:React-utils,isa:PBXTargetDependency,targetProxy:containerPortal:|,displayName:|,isa:|,proxyType:|,remoteGlobalIDString:|,remoteInfo:|,,,displayName:React-featureflags,isa:PBXTargetDependency,targetProxy:containerPortal:|,displayName:|,isa:|,proxyType:|,remoteGlobalIDString:|,remoteInfo:|,,,displayName:React-debug,isa:PBXTargetDependency,targetProxy:containerPortal:|,displayName:|,isa:|,proxyType:|,remoteGlobalIDString:|,remoteInfo:|,,,displayName:React-ImageManager,isa:PBXTargetDependency,targetProxy:containerPortal:|,displayName:|,isa:|,proxyType:|,remoteGlobalIDString:|,remoteInfo:|,,,displayName:React-rendererdebug,isa:PBXTargetDependency,targetProxy:containerPortal:|,displayName:|,isa:|,proxyType:|,remoteGlobalIDString:|,remoteInfo:|,,,displayName:DoubleConversion,isa:PBXTargetDependency,targetProxy:containerPortal:|,displayName:|,isa:|,proxyType:|,remoteGlobalIDString:|,remoteInfo:|,,,displayName:React-jsi,isa:PBXTargetDependency,targetProxy:containerPortal:|,displayName:|,isa:|,proxyType:|,remoteGlobalIDString:|,remoteInfo:|,,,displayName:React-renderercss,isa:PBXTargetDependency,targetProxy:containerPortal:|,displayName:|,isa:|,proxyType:|,remoteGlobalIDString:|,remoteInfo:|,,,displayName:hermes-engine,isa:PBXTargetDependency,targetProxy:containerPortal:|,displayName:|,isa:|,proxyType:|,remoteGlobalIDString:|,remoteInfo:|,,,displayName:React-hermes,isa:PBXTargetDependency,targetProxy:containerPortal:|,displayName:|,isa:|,proxyType:|,remoteGlobalIDString:|,remoteInfo:|,,,displayName:RNCAsyncStorage,fileSystemSynchronizedGroups:,isa:PBXNativeTarget,name:RNCAsyncStorage,packageProductDependencies:,productName:RNCAsyncStorage,productReference:displayName:RNCAsyncStorage,explicitFileType:archive.ar,includeInIndex:0,isa:PBXFileReference,name:RNCAsyncStorage,path:libRNCAsyncStorage.a,sourceTree:BUILT_PRODUCTS_DIR,,productType:com.apple.product-type.library.static,/dependencies/displayName:ReactCodegen,isa:PBXTargetDependency,targetProxy:containerPortal:46EB2E00000000,displayName:ContainerItemProxy,isa:PBXContainerItemProxy,proxyType:1,remoteGlobalIDString:46EB2E0001D660,remoteInfo:ReactCodegen,,/target/buildPhases/buildActionMask:2147483647,displayName:Headers,files:displayName:RCTModuleProviders.h,fileRef:displayName:|,includeInIndex:|,isa:|,lastKnownFileType:|,path:|,sourceTree:|,,isa:PBXBuildFile,settings:ATTRIBUTES:|,,,displayName:RCTModulesConformingToProtocolsProvider.h,fileRef:displayName:|,includeInIndex:|,isa:|,lastKnownFileType:|,path:|,sourceTree:|,,isa:PBXBuildFile,settings:ATTRIBUTES:|,,,displayName:RCTThirdPartyComponentsProvider.h,fileRef:displayName:|,includeInIndex:|,isa:|,lastKnownFileType:|,path:|,sourceTree:|,,isa:PBXBuildFile,settings:ATTRIBUTES:|,,,displayName:ComponentDescriptors.h,fileRef:displayName:|,includeInIndex:|,isa:|,lastKnownFileType:|,path:|,sourceTree:|,,isa:PBXBuildFile,settings:ATTRIBUTES:|,,,displayName:EventEmitters.h,fileRef:displayName:|,includeInIndex:|,isa:|,lastKnownFileType:|,path:|,sourceTree:|,,isa:PBXBuildFile,settings:ATTRIBUTES:|,,,displayName:Props.h,fileRef:displayName:|,includeInIndex:|,isa:|,lastKnownFileType:|,path:|,sourceTree:|,,isa:PBXBuildFile,settings:ATTRIBUTES:|,,,displayName:RCTComponentViewHelpers.h,fileRef:displayName:|,includeInIndex:|,isa:|,lastKnownFileType:|,path:|,sourceTree:|,,isa:PBXBuildFile,settings:ATTRIBUTES:|,,,displayName:ShadowNodes.h,fileRef:displayName:|,includeInIndex:|,isa:|,lastKnownFileType:|,path:|,sourceTree:|,,isa:PBXBuildFile,settings:ATTRIBUTES:|,,,displayName:States.h,fileRef:displayName:|,includeInIndex:|,isa:|,lastKnownFileType:|,path:|,sourceTree:|,,isa:PBXBuildFile,settings:ATTRIBUTES:|,,,displayName:ComponentDescriptors.h,fileRef:displayName:|,includeInIndex:|,isa:|,lastKnownFileType:|,path:|,sourceTree:|,,isa:PBXBuildFile,settings:ATTRIBUTES:|,,,displayName:EventEmitters.h,fileRef:displayName:|,includeInIndex:|,isa:|,lastKnownFileType:|,path:|,sourceTree:|,,isa:PBXBuildFile,settings:ATTRIBUTES:|,,,displayName:Props.h,fileRef:displayName:|,includeInIndex:|,isa:|,lastKnownFileType:|,path:|,sourceTree:|,,isa:PBXBuildFile,settings:ATTRIBUTES:|,,,displayName:RCTComponentViewHelpers.h,fileRef:displayName:|,includeInIndex:|,isa:|,lastKnownFileType:|,path:|,sourceTree:|,,isa:PBXBuildFile,settings:ATTRIBUTES:|,,,displayName:ShadowNodes.h,fileRef:displayName:|,includeInIndex:|,isa:|,lastKnownFileType:|,path:|,sourceTree:|,,isa:PBXBuildFile,settings:ATTRIBUTES:|,,,displayName:States.h,fileRef:displayName:|,includeInIndex:|,isa:|,lastKnownFileType:|,path:|,sourceTree:|,,isa:PBXBuildFile,settings:ATTRIBUTES:|,,,displayName:ComponentDescriptors.h,fileRef:displayName:|,includeInIndex:|,isa:|,lastKnownFileType:|,path:|,sourceTree:|,,isa:PBXBuildFile,settings:ATTRIBUTES:|,,,displayName:EventEmitters.h,fileRef:displayName:|,includeInIndex:|,isa:|,lastKnownFileType:|,path:|,sourceTree:|,,isa:PBXBuildFile,settings:ATTRIBUTES:|,,,displayName:Props.h,fileRef:displayName:|,includeInIndex:|,isa:|,lastKnownFileType:|,path:|,sourceTree:|,,isa:PBXBuildFile,settings:ATTRIBUTES:|,,,displayName:RCTComponentViewHelpers.h,fileRef:displayName:|,includeInIndex:|,isa:|,lastKnownFileType:|,path:|,sourceTree:|,,isa:PBXBuildFile,settings:ATTRIBUTES:|,,,displayName:ShadowNodes.h,fileRef:displayName:|,includeInIndex:|,isa:|,lastKnownFileType:|,path:|,sourceTree:|,,isa:PBXBuildFile,settings:ATTRIBUTES:|,,,displayName:States.h,fileRef:displayName:|,includeInIndex:|,isa:|,lastKnownFileType:|,path:|,sourceTree:|,,isa:PBXBuildFile,settings:ATTRIBUTES:|,,,displayName:rnasyncstorage.h,fileRef:displayName:|,includeInIndex:|,isa:|,lastKnownFileType:|,path:|,sourceTree:|,,isa:PBXBuildFile,settings:ATTRIBUTES:|,,,displayName:rnasyncstorageJSI.h,fileRef:displayName:|,includeInIndex:|,isa:|,lastKnownFileType:|,path:|,sourceTree:|,,isa:PBXBuildFile,settings:ATTRIBUTES:|,,,displayName:RNPermissionsSpec.h,fileRef:displayName:|,includeInIndex:|,isa:|,lastKnownFileType:|,path:|,sourceTree:|,,isa:PBXBuildFile,settings:ATTRIBUTES:|,,,displayName:RNPermissionsSpecJSI.h,fileRef:displayName:|,includeInIndex:|,isa:|,lastKnownFileType:|,path:|,sourceTree:|,,isa:PBXBuildFile,settings:ATTRIBUTES:|,,,displayName:rnsvg.h,fileRef:displayName:|,includeInIndex:|,isa:|,lastKnownFileType:|,path:|,sourceTree:|,,isa:PBXBuildFile,settings:ATTRIBUTES:|,,,displayName:rnsvgJSI.h,fileRef:displayName:|,includeInIndex:|,isa:|,lastKnownFileType:|,path:|,sourceTree:|,,isa:PBXBuildFile,settings:ATTRIBUTES:|,,,displayName:ReactCodegen-umbrella.h,fileRef:displayName:|,includeInIndex:|,isa:|,lastKnownFileType:|,path:|,sourceTree:|,,isa:PBXBuildFile,settings:ATTRIBUTES:|,,,isa:PBXHeadersBuildPhase,runOnlyForDeploymentPostprocessing:0,/files/displayName:States.h,fileRef:displayName:States.h,includeInIndex:1,isa:PBXFileReference,lastKnownFileType:sourcecode.c.h,path:States.h,sourceTree:<group>,,isa:PBXBuildFile,settings:ATTRIBUTES:Project,,
PBXBuildFile -- Pods.xcodeproj/targets/buildConfigurationList:buildConfigurations:baseConfigurationReference:|,buildSettings:|,displayName:|,isa:|,name:|,,baseConfigurationReference:|,buildSettings:|,displayName:|,isa:|,name:|,,defaultConfigurationIsVisible:0,defaultConfigurationName:Release,displayName:ConfigurationList,isa:XCConfigurationList,,buildPhases:buildActionMask:2147483647,displayName:Headers,files:|,|,|,isa:PBXHeadersBuildPhase,runOnlyForDeploymentPostprocessing:0,,buildActionMask:2147483647,displayName:Sources,files:|,|,|,|,isa:PBXSourcesBuildPhase,runOnlyForDeploymentPostprocessing:0,,buildActionMask:2147483647,displayName:Frameworks,files:,isa:PBXFrameworksBuildPhase,runOnlyForDeploymentPostprocessing:0,,buildRules:,dependencies:displayName:React-Core,isa:PBXTargetDependency,targetProxy:containerPortal:|,displayName:|,isa:|,proxyType:|,remoteGlobalIDString:|,remoteInfo:|,,,displayName:BVLinearGradient,fileSystemSynchronizedGroups:,isa:PBXNativeTarget,name:BVLinearGradient,packageProductDependencies:,productName:BVLinearGradient,productReference:displayName:BVLinearGradient,explicitFileType:archive.ar,includeInIndex:0,isa:PBXFileReference,name:BVLinearGradient,path:libBVLinearGradient.a,sourceTree:BUILT_PRODUCTS_DIR,,productType:com.apple.product-type.library.static,/dependencies/displayName:React-Core,isa:PBXTargetDependency,targetProxy:containerPortal:46EB2E00000000,displayName:ContainerItemProxy,isa:PBXContainerItemProxy,proxyType:1,remoteGlobalIDString:46EB2E00014920,remoteInfo:React-Core,,/target/dependencies/displayName:Yoga,isa:PBXTargetDependency,targetProxy:containerPortal:46EB2E00000000,displayName:ContainerItemProxy,isa:PBXContainerItemProxy,proxyType:1,remoteGlobalIDString:46EB2E0001EC30,remoteInfo:Yoga,,/target/buildPhases/buildActionMask:2147483647,displayName:Headers,files:displayName:AbsoluteLayout.h,fileRef:displayName:|,includeInIndex:|,isa:|,lastKnownFileType:|,path:|,sourceTree:|,,isa:PBXBuildFile,settings:ATTRIBUTES:|,,,displayName:Align.h,fileRef:displayName:|,includeInIndex:|,isa:|,lastKnownFileType:|,path:|,sourceTree:|,,isa:PBXBuildFile,settings:ATTRIBUTES:|,,,displayName:Baseline.h,fileRef:displayName:|,includeInIndex:|,isa:|,lastKnownFileType:|,path:|,sourceTree:|,,isa:PBXBuildFile,settings:ATTRIBUTES:|,,,displayName:BoundAxis.h,fileRef:displayName:|,includeInIndex:|,isa:|,lastKnownFileType:|,path:|,sourceTree:|,,isa:PBXBuildFile,settings:ATTRIBUTES:|,,,displayName:Cache.h,fileRef:displayName:|,includeInIndex:|,isa:|,lastKnownFileType:|,path:|,sourceTree:|,,isa:PBXBuildFile,settings:ATTRIBUTES:|,,,displayName:CalculateLayout.h,fileRef:displayName:|,includeInIndex:|,isa:|,lastKnownFileType:|,path:|,sourceTree:|,,isa:PBXBuildFile,settings:ATTRIBUTES:|,,,displayName:FlexDirection.h,fileRef:displayName:|,includeInIndex:|,isa:|,lastKnownFileType:|,path:|,sourceTree:|,,isa:PBXBuildFile,settings:ATTRIBUTES:|,,,displayName:FlexLine.h,fileRef:displayName:|,includeInIndex:|,isa:|,lastKnownFileType:|,path:|,sourceTree:|,,isa:PBXBuildFile,settings:ATTRIBUTES:|,,,displayName:PixelGrid.h,fileRef:displayName:|,includeInIndex:|,isa:|,lastKnownFileType:|,path:|,sourceTree:|,,isa:PBXBuildFile,settings:ATTRIBUTES:|,,,displayName:SizingMode.h,fileRef:displayName:|,includeInIndex:|,isa:|,lastKnownFileType:|,path:|,sourceTree:|,,isa:PBXBuildFile,settings:ATTRIBUTES:|,,,displayName:TrailingPosition.h,fileRef:displayName:|,includeInIndex:|,isa:|,lastKnownFileType:|,path:|,sourceTree:|,,isa:PBXBuildFile,settings:ATTRIBUTES:|,,,displayName:Config.h,fileRef:displayName:|,includeInIndex:|,isa:|,lastKnownFileType:|,path:|,sourceTree:|,,isa:PBXBuildFile,settings:ATTRIBUTES:|,,,displayName:AssertFatal.h,fileRef:displayName:|,includeInIndex:|,isa:|,lastKnownFileType:|,path:|,sourceTree:|,,isa:PBXBuildFile,settings:ATTRIBUTES:|,,,displayName:Log.h,fileRef:displayName:|,includeInIndex:|,isa:|,lastKnownFileType:|,path:|,sourceTree:|,,isa:PBXBuildFile,settings:ATTRIBUTES:|,,,displayName:Align.h,fileRef:displayName:|,includeInIndex:|,isa:|,lastKnownFileType:|,path:|,sourceTree:|,,isa:PBXBuildFile,settings:ATTRIBUTES:|,,,displayName:BoxSizing.h,fileRef:displayName:|,includeInIndex:|,isa:|,lastKnownFileType:|,path:|,sourceTree:|,,isa:PBXBuildFile,settings:ATTRIBUTES:|,,,displayName:Dimension.h,fileRef:displayName:|,includeInIndex:|,isa:|,lastKnownFileType:|,path:|,sourceTree:|,,isa:PBXBuildFile,settings:ATTRIBUTES:|,,,displayName:Direction.h,fileRef:displayName:|,includeInIndex:|,isa:|,lastKnownFileType:|,path:|,sourceTree:|,,isa:PBXBuildFile,settings:ATTRIBUTES:|,,,displayName:Display.h,fileRef:displayName:|,includeInIndex:|,isa:|,lastKnownFileType:|,path:|,sourceTree:|,,isa:PBXBuildFile,settings:ATTRIBUTES:|,,,displayName:Edge.h,fileRef:displayName:|,includeInIndex:|,isa:|,lastKnownFileType:|,path:|,sourceTree:|,,isa:PBXBuildFile,settings:ATTRIBUTES:|,,,displayName:Errata.h,fileRef:displayName:|,includeInIndex:|,isa:|,lastKnownFileType:|,path:|,sourceTree:|,,isa:PBXBuildFile,settings:ATTRIBUTES:|,,,displayName:ExperimentalFeature.h,fileRef:displayName:|,includeInIndex:|,isa:|,lastKnownFileType:|,path:|,sourceTree:|,,isa:PBXBuildFile,settings:ATTRIBUTES:|,,,displayName:FlexDirection.h,fileRef:displayName:|,includeInIndex:|,isa:|,lastKnownFileType:|,path:|,sourceTree:|,,isa:PBXBuildFile,settings:ATTRIBUTES:|,,,displayName:Gutter.h,fileRef:displayName:|,includeInIndex:|,isa:|,lastKnownFileType:|,path:|,sourceTree:|,,isa:PBXBuildFile,settings:ATTRIBUTES:|,,,displayName:Justify.h,fileRef:displayName:|,includeInIndex:|,isa:|,lastKnownFileType:|,path:|,sourceTree:|,,isa:PBXBuildFile,settings:ATTRIBUTES:|,,,displayName:LogLevel.h,fileRef:displayName:|,includeInIndex:|,isa:|,lastKnownFileType:|,path:|,sourceTree:|,,isa:PBXBuildFile,settings:ATTRIBUTES:|,,,displayName:MeasureMode.h,fileRef:displayName:|,includeInIndex:|,isa:|,lastKnownFileType:|,path:|,sourceTree:|,,isa:PBXBuildFile,settings:ATTRIBUTES:|,,,displayName:NodeType.h,fileRef:displayName:|,includeInIndex:|,isa:|,lastKnownFileType:|,path:|,sourceTree:|,,isa:PBXBuildFile,settings:ATTRIBUTES:|,,,displayName:Overflow.h,fileRef:displayName:|,includeInIndex:|,isa:|,lastKnownFileType:|,path:|,sourceTree:|,,isa:PBXBuildFile,settings:ATTRIBUTES:|,,,displayName:PhysicalEdge.h,fileRef:displayName:|,includeInIndex:|,isa:|,lastKnownFileType:|,path:|,sourceTree:|,,isa:PBXBuildFile,settings:ATTRIBUTES:|,,,displayName:PositionType.h,fileRef:displayName:|,includeInIndex:|,isa:|,lastKnownFileType:|,path:|,sourceTree:|,,isa:PBXBuildFile,settings:ATTRIBUTES:|,,,displayName:Unit.h,fileRef:displayName:|,includeInIndex:|,isa:|,lastKnownFileType:|,path:|,sourceTree:|,,isa:PBXBuildFile,settings:ATTRIBUTES:|,,,displayName:Wrap.h,fileRef:displayName:|,includeInIndex:|,isa:|,lastKnownFileType:|,path:|,sourceTree:|,,isa:PBXBuildFile,settings:ATTRIBUTES:|,,,displayName:YogaEnums.h,fileRef:displayName:|,includeInIndex:|,isa:|,lastKnownFileType:|,path:|,sourceTree:|,,isa:PBXBuildFile,settings:ATTRIBUTES:|,,,displayName:event.h,fileRef:displayName:|,includeInIndex:|,isa:|,lastKnownFileType:|,path:|,sourceTree:|,,isa:PBXBuildFile,settings:ATTRIBUTES:|,,,displayName:CachedMeasurement.h,fileRef:displayName:|,includeInIndex:|,isa:|,lastKnownFileType:|,path:|,sourceTree:|,,isa:PBXBuildFile,settings:ATTRIBUTES:|,,,displayName:LayoutableChildren.h,fileRef:displayName:|,includeInIndex:|,isa:|,lastKnownFileType:|,path:|,sourceTree:|,,isa:PBXBuildFile,settings:ATTRIBUTES:|,,,displayName:LayoutResults.h,fileRef:displayName:|,includeInIndex:|,isa:|,lastKnownFileType:|,path:|,sourceTree:|,,isa:PBXBuildFile,settings:ATTRIBUTES:|,,,displayName:Node.h,fileRef:displayName:|,includeInIndex:|,isa:|,lastKnownFileType:|,path:|,sourceTree:|,,isa:PBXBuildFile,settings:ATTRIBUTES:|,,,displayName:Comparison.h,fileRef:displayName:|,includeInIndex:|,isa:|,lastKnownFileType:|,path:|,sourceTree:|,,isa:PBXBuildFile,settings:ATTRIBUTES:|,,,displayName:FloatOptional.h,fileRef:displayName:|,includeInIndex:|,isa:|,lastKnownFileType:|,path:|,sourceTree:|,,isa:PBXBuildFile,settings:ATTRIBUTES:|,,,displayName:SmallValueBuffer.h,fileRef:displayName:|,includeInIndex:|,isa:|,lastKnownFileType:|,path:|,sourceTree:|,,isa:PBXBuildFile,settings:ATTRIBUTES:|,,,displayName:Style.h,fileRef:displayName:|,includeInIndex:|,isa:|,lastKnownFileType:|,path:|,sourceTree:|,,isa:PBXBuildFile,settings:ATTRIBUTES:|,,,displayName:StyleLength.h,fileRef:displayName:|,includeInIndex:|,isa:|,lastKnownFileType:|,path:|,sourceTree:|,,isa:PBXBuildFile,settings:ATTRIBUTES:|,,,displayName:StyleSizeLength.h,fileRef:displayName:|,includeInIndex:|,isa:|,lastKnownFileType:|,path:|,sourceTree:|,,isa:PBXBuildFile,settings:ATTRIBUTES:|,,,displayName:StyleValueHandle.h,fileRef:displayName:|,includeInIndex:|,isa:|,lastKnownFileType:|,path:|,sourceTree:|,,isa:PBXBuildFile,settings:ATTRIBUTES:|,,,displayName:StyleValuePool.h,fileRef:displayName:|,includeInIndex:|,isa:|,lastKnownFileType:|,path:|,sourceTree:|,,isa:PBXBuildFile,settings:ATTRIBUTES:|,,,displayName:YGConfig.h,fileRef:displayName:|,includeInIndex:|,isa:|,lastKnownFileType:|,name:|,path:|,sourceTree:|,,isa:PBXBuildFile,settings:ATTRIBUTES:|,,,displayName:YGEnums.h,fileRef:displayName:|,includeInIndex:|,isa:|,lastKnownFileType:|,name:|,path:|,sourceTree:|,,isa:PBXBuildFile,settings:ATTRIBUTES:|,,,displayName:YGMacros.h,fileRef:displayName:|,includeInIndex:|,isa:|,lastKnownFileType:|,name:|,path:|,sourceTree:|,,isa:PBXBuildFile,settings:ATTRIBUTES:|,,,displayName:YGNode.h,fileRef:displayName:|,includeInIndex:|,isa:|,lastKnownFileType:|,name:|,path:|,sourceTree:|,,isa:PBXBuildFile,settings:ATTRIBUTES:|,,,displayName:YGNodeLayout.h,fileRef:displayName:|,includeInIndex:|,isa:|,lastKnownFileType:|,name:|,path:|,sourceTree:|,,isa:PBXBuildFile,settings:ATTRIBUTES:|,,,displayName:YGNodeStyle.h,fileRef:displayName:|,includeInIndex:|,isa:|,lastKnownFileType:|,name:|,path:|,sourceTree:|,,isa:PBXBuildFile,settings:ATTRIBUTES:|,,,displayName:YGPixelGrid.h,fileRef:displayName:|,includeInIndex:|,isa:|,lastKnownFileType:|,name:|,path:|,sourceTree:|,,isa:PBXBuildFile,settings:ATTRIBUTES:|,,,displayName:YGValue.h,fileRef:displayName:|,includeInIndex:|,isa:|,lastKnownFileType:|,name:|,path:|,sourceTree:|,,isa:PBXBuildFile,settings:ATTRIBUTES:|,,,displayName:Yoga.h,fileRef:displayName:|,includeInIndex:|,isa:|,lastKnownFileType:|,name:|,path:|,sourceTree:|,,isa:PBXBuildFile,settings:ATTRIBUTES:|,,,displayName:Yoga-umbrella.h,fileRef:displayName:|,includeInIndex:|,isa:|,lastKnownFileType:|,path:|,sourceTree:|,,isa:PBXBuildFile,settings:ATTRIBUTES:|,,,isa:PBXHeadersBuildPhase,runOnlyForDeploymentPostprocessing:0,/files/displayName:Align.h,fileRef:displayName:Align.h,includeInIndex:1,isa:PBXFileReference,lastKnownFileType:sourcecode.c.h,path:Align.h,sourceTree:<group>,,isa:PBXBuildFile,settings:ATTRIBUTES:Project,,
PBXBuildFile -- Pods.xcodeproj/targets/buildConfigurationList:buildConfigurations:baseConfigurationReference:|,buildSettings:|,displayName:|,isa:|,name:|,,baseConfigurationReference:|,buildSettings:|,displayName:|,isa:|,name:|,,defaultConfigurationIsVisible:0,defaultConfigurationName:Release,displayName:ConfigurationList,isa:XCConfigurationList,,buildPhases:buildActionMask:2147483647,displayName:Headers,files:|,|,|,isa:PBXHeadersBuildPhase,runOnlyForDeploymentPostprocessing:0,,buildActionMask:2147483647,displayName:Sources,files:|,|,|,|,isa:PBXSourcesBuildPhase,runOnlyForDeploymentPostprocessing:0,,buildActionMask:2147483647,displayName:Frameworks,files:,isa:PBXFrameworksBuildPhase,runOnlyForDeploymentPostprocessing:0,,buildRules:,dependencies:displayName:React-Core,isa:PBXTargetDependency,targetProxy:containerPortal:|,displayName:|,isa:|,proxyType:|,remoteGlobalIDString:|,remoteInfo:|,,,displayName:BVLinearGradient,fileSystemSynchronizedGroups:,isa:PBXNativeTarget,name:BVLinearGradient,packageProductDependencies:,productName:BVLinearGradient,productReference:displayName:BVLinearGradient,explicitFileType:archive.ar,includeInIndex:0,isa:PBXFileReference,name:BVLinearGradient,path:libBVLinearGradient.a,sourceTree:BUILT_PRODUCTS_DIR,,productType:com.apple.product-type.library.static,/dependencies/displayName:React-Core,isa:PBXTargetDependency,targetProxy:containerPortal:46EB2E00000000,displayName:ContainerItemProxy,isa:PBXContainerItemProxy,proxyType:1,remoteGlobalIDString:46EB2E00014920,remoteInfo:React-Core,,/target/dependencies/displayName:Yoga,isa:PBXTargetDependency,targetProxy:containerPortal:46EB2E00000000,displayName:ContainerItemProxy,isa:PBXContainerItemProxy,proxyType:1,remoteGlobalIDString:46EB2E0001EC30,remoteInfo:Yoga,,/target/buildPhases/buildActionMask:2147483647,displayName:Headers,files:displayName:AbsoluteLayout.h,fileRef:displayName:|,includeInIndex:|,isa:|,lastKnownFileType:|,path:|,sourceTree:|,,isa:PBXBuildFile,settings:ATTRIBUTES:|,,,displayName:Align.h,fileRef:displayName:|,includeInIndex:|,isa:|,lastKnownFileType:|,path:|,sourceTree:|,,isa:PBXBuildFile,settings:ATTRIBUTES:|,,,displayName:Baseline.h,fileRef:displayName:|,includeInIndex:|,isa:|,lastKnownFileType:|,path:|,sourceTree:|,,isa:PBXBuildFile,settings:ATTRIBUTES:|,,,displayName:BoundAxis.h,fileRef:displayName:|,includeInIndex:|,isa:|,lastKnownFileType:|,path:|,sourceTree:|,,isa:PBXBuildFile,settings:ATTRIBUTES:|,,,displayName:Cache.h,fileRef:displayName:|,includeInIndex:|,isa:|,lastKnownFileType:|,path:|,sourceTree:|,,isa:PBXBuildFile,settings:ATTRIBUTES:|,,,displayName:CalculateLayout.h,fileRef:displayName:|,includeInIndex:|,isa:|,lastKnownFileType:|,path:|,sourceTree:|,,isa:PBXBuildFile,settings:ATTRIBUTES:|,,,displayName:FlexDirection.h,fileRef:displayName:|,includeInIndex:|,isa:|,lastKnownFileType:|,path:|,sourceTree:|,,isa:PBXBuildFile,settings:ATTRIBUTES:|,,,displayName:FlexLine.h,fileRef:displayName:|,includeInIndex:|,isa:|,lastKnownFileType:|,path:|,sourceTree:|,,isa:PBXBuildFile,settings:ATTRIBUTES:|,,,displayName:PixelGrid.h,fileRef:displayName:|,includeInIndex:|,isa:|,lastKnownFileType:|,path:|,sourceTree:|,,isa:PBXBuildFile,settings:ATTRIBUTES:|,,,displayName:SizingMode.h,fileRef:displayName:|,includeInIndex:|,isa:|,lastKnownFileType:|,path:|,sourceTree:|,,isa:PBXBuildFile,settings:ATTRIBUTES:|,,,displayName:TrailingPosition.h,fileRef:displayName:|,includeInIndex:|,isa:|,lastKnownFileType:|,path:|,sourceTree:|,,isa:PBXBuildFile,settings:ATTRIBUTES:|,,,displayName:Config.h,fileRef:displayName:|,includeInIndex:|,isa:|,lastKnownFileType:|,path:|,sourceTree:|,,isa:PBXBuildFile,settings:ATTRIBUTES:|,,,displayName:AssertFatal.h,fileRef:displayName:|,includeInIndex:|,isa:|,lastKnownFileType:|,path:|,sourceTree:|,,isa:PBXBuildFile,settings:ATTRIBUTES:|,,,displayName:Log.h,fileRef:displayName:|,includeInIndex:|,isa:|,lastKnownFileType:|,path:|,sourceTree:|,,isa:PBXBuildFile,settings:ATTRIBUTES:|,,,displayName:Align.h,fileRef:displayName:|,includeInIndex:|,isa:|,lastKnownFileType:|,path:|,sourceTree:|,,isa:PBXBuildFile,settings:ATTRIBUTES:|,,,displayName:BoxSizing.h,fileRef:displayName:|,includeInIndex:|,isa:|,lastKnownFileType:|,path:|,sourceTree:|,,isa:PBXBuildFile,settings:ATTRIBUTES:|,,,displayName:Dimension.h,fileRef:displayName:|,includeInIndex:|,isa:|,lastKnownFileType:|,path:|,sourceTree:|,,isa:PBXBuildFile,settings:ATTRIBUTES:|,,,displayName:Direction.h,fileRef:displayName:|,includeInIndex:|,isa:|,lastKnownFileType:|,path:|,sourceTree:|,,isa:PBXBuildFile,settings:ATTRIBUTES:|,,,displayName:Display.h,fileRef:displayName:|,includeInIndex:|,isa:|,lastKnownFileType:|,path:|,sourceTree:|,,isa:PBXBuildFile,settings:ATTRIBUTES:|,,,displayName:Edge.h,fileRef:displayName:|,includeInIndex:|,isa:|,lastKnownFileType:|,path:|,sourceTree:|,,isa:PBXBuildFile,settings:ATTRIBUTES:|,,,displayName:Errata.h,fileRef:displayName:|,includeInIndex:|,isa:|,lastKnownFileType:|,path:|,sourceTree:|,,isa:PBXBuildFile,settings:ATTRIBUTES:|,,,displayName:ExperimentalFeature.h,fileRef:displayName:|,includeInIndex:|,isa:|,lastKnownFileType:|,path:|,sourceTree:|,,isa:PBXBuildFile,settings:ATTRIBUTES:|,,,displayName:FlexDirection.h,fileRef:displayName:|,includeInIndex:|,isa:|,lastKnownFileType:|,path:|,sourceTree:|,,isa:PBXBuildFile,settings:ATTRIBUTES:|,,,displayName:Gutter.h,fileRef:displayName:|,includeInIndex:|,isa:|,lastKnownFileType:|,path:|,sourceTree:|,,isa:PBXBuildFile,settings:ATTRIBUTES:|,,,displayName:Justify.h,fileRef:displayName:|,includeInIndex:|,isa:|,lastKnownFileType:|,path:|,sourceTree:|,,isa:PBXBuildFile,settings:ATTRIBUTES:|,,,displayName:LogLevel.h,fileRef:displayName:|,includeInIndex:|,isa:|,lastKnownFileType:|,path:|,sourceTree:|,,isa:PBXBuildFile,settings:ATTRIBUTES:|,,,displayName:MeasureMode.h,fileRef:displayName:|,includeInIndex:|,isa:|,lastKnownFileType:|,path:|,sourceTree:|,,isa:PBXBuildFile,settings:ATTRIBUTES:|,,,displayName:NodeType.h,fileRef:displayName:|,includeInIndex:|,isa:|,lastKnownFileType:|,path:|,sourceTree:|,,isa:PBXBuildFile,settings:ATTRIBUTES:|,,,displayName:Overflow.h,fileRef:displayName:|,includeInIndex:|,isa:|,lastKnownFileType:|,path:|,sourceTree:|,,isa:PBXBuildFile,settings:ATTRIBUTES:|,,,displayName:PhysicalEdge.h,fileRef:displayName:|,includeInIndex:|,isa:|,lastKnownFileType:|,path:|,sourceTree:|,,isa:PBXBuildFile,settings:ATTRIBUTES:|,,,displayName:PositionType.h,fileRef:displayName:|,includeInIndex:|,isa:|,lastKnownFileType:|,path:|,sourceTree:|,,isa:PBXBuildFile,settings:ATTRIBUTES:|,,,displayName:Unit.h,fileRef:displayName:|,includeInIndex:|,isa:|,lastKnownFileType:|,path:|,sourceTree:|,,isa:PBXBuildFile,settings:ATTRIBUTES:|,,,displayName:Wrap.h,fileRef:displayName:|,includeInIndex:|,isa:|,lastKnownFileType:|,path:|,sourceTree:|,,isa:PBXBuildFile,settings:ATTRIBUTES:|,,,displayName:YogaEnums.h,fileRef:displayName:|,includeInIndex:|,isa:|,lastKnownFileType:|,path:|,sourceTree:|,,isa:PBXBuildFile,settings:ATTRIBUTES:|,,,displayName:event.h,fileRef:displayName:|,includeInIndex:|,isa:|,lastKnownFileType:|,path:|,sourceTree:|,,isa:PBXBuildFile,settings:ATTRIBUTES:|,,,displayName:CachedMeasurement.h,fileRef:displayName:|,includeInIndex:|,isa:|,lastKnownFileType:|,path:|,sourceTree:|,,isa:PBXBuildFile,settings:ATTRIBUTES:|,,,displayName:LayoutableChildren.h,fileRef:displayName:|,includeInIndex:|,isa:|,lastKnownFileType:|,path:|,sourceTree:|,,isa:PBXBuildFile,settings:ATTRIBUTES:|,,,displayName:LayoutResults.h,fileRef:displayName:|,includeInIndex:|,isa:|,lastKnownFileType:|,path:|,sourceTree:|,,isa:PBXBuildFile,settings:ATTRIBUTES:|,,,displayName:Node.h,fileRef:displayName:|,includeInIndex:|,isa:|,lastKnownFileType:|,path:|,sourceTree:|,,isa:PBXBuildFile,settings:ATTRIBUTES:|,,,displayName:Comparison.h,fileRef:displayName:|,includeInIndex:|,isa:|,lastKnownFileType:|,path:|,sourceTree:|,,isa:PBXBuildFile,settings:ATTRIBUTES:|,,,displayName:FloatOptional.h,fileRef:displayName:|,includeInIndex:|,isa:|,lastKnownFileType:|,path:|,sourceTree:|,,isa:PBXBuildFile,settings:ATTRIBUTES:|,,,displayName:SmallValueBuffer.h,fileRef:displayName:|,includeInIndex:|,isa:|,lastKnownFileType:|,path:|,sourceTree:|,,isa:PBXBuildFile,settings:ATTRIBUTES:|,,,displayName:Style.h,fileRef:displayName:|,includeInIndex:|,isa:|,lastKnownFileType:|,path:|,sourceTree:|,,isa:PBXBuildFile,settings:ATTRIBUTES:|,,,displayName:StyleLength.h,fileRef:displayName:|,includeInIndex:|,isa:|,lastKnownFileType:|,path:|,sourceTree:|,,isa:PBXBuildFile,settings:ATTRIBUTES:|,,,displayName:StyleSizeLength.h,fileRef:displayName:|,includeInIndex:|,isa:|,lastKnownFileType:|,path:|,sourceTree:|,,isa:PBXBuildFile,settings:ATTRIBUTES:|,,,displayName:StyleValueHandle.h,fileRef:displayName:|,includeInIndex:|,isa:|,lastKnownFileType:|,path:|,sourceTree:|,,isa:PBXBuildFile,settings:ATTRIBUTES:|,,,displayName:StyleValuePool.h,fileRef:displayName:|,includeInIndex:|,isa:|,lastKnownFileType:|,path:|,sourceTree:|,,isa:PBXBuildFile,settings:ATTRIBUTES:|,,,displayName:YGConfig.h,fileRef:displayName:|,includeInIndex:|,isa:|,lastKnownFileType:|,name:|,path:|,sourceTree:|,,isa:PBXBuildFile,settings:ATTRIBUTES:|,,,displayName:YGEnums.h,fileRef:displayName:|,includeInIndex:|,isa:|,lastKnownFileType:|,name:|,path:|,sourceTree:|,,isa:PBXBuildFile,settings:ATTRIBUTES:|,,,displayName:YGMacros.h,fileRef:displayName:|,includeInIndex:|,isa:|,lastKnownFileType:|,name:|,path:|,sourceTree:|,,isa:PBXBuildFile,settings:ATTRIBUTES:|,,,displayName:YGNode.h,fileRef:displayName:|,includeInIndex:|,isa:|,lastKnownFileType:|,name:|,path:|,sourceTree:|,,isa:PBXBuildFile,settings:ATTRIBUTES:|,,,displayName:YGNodeLayout.h,fileRef:displayName:|,includeInIndex:|,isa:|,lastKnownFileType:|,name:|,path:|,sourceTree:|,,isa:PBXBuildFile,settings:ATTRIBUTES:|,,,displayName:YGNodeStyle.h,fileRef:displayName:|,includeInIndex:|,isa:|,lastKnownFileType:|,name:|,path:|,sourceTree:|,,isa:PBXBuildFile,settings:ATTRIBUTES:|,,,displayName:YGPixelGrid.h,fileRef:displayName:|,includeInIndex:|,isa:|,lastKnownFileType:|,name:|,path:|,sourceTree:|,,isa:PBXBuildFile,settings:ATTRIBUTES:|,,,displayName:YGValue.h,fileRef:displayName:|,includeInIndex:|,isa:|,lastKnownFileType:|,name:|,path:|,sourceTree:|,,isa:PBXBuildFile,settings:ATTRIBUTES:|,,,displayName:Yoga.h,fileRef:displayName:|,includeInIndex:|,isa:|,lastKnownFileType:|,name:|,path:|,sourceTree:|,,isa:PBXBuildFile,settings:ATTRIBUTES:|,,,displayName:Yoga-umbrella.h,fileRef:displayName:|,includeInIndex:|,isa:|,lastKnownFileType:|,path:|,sourceTree:|,,isa:PBXBuildFile,settings:ATTRIBUTES:|,,,isa:PBXHeadersBuildPhase,runOnlyForDeploymentPostprocessing:0,/files/displayName:FlexDirection.h,fileRef:displayName:FlexDirection.h,includeInIndex:1,isa:PBXFileReference,lastKnownFileType:sourcecode.c.h,path:FlexDirection.h,sourceTree:<group>,,isa:PBXBuildFile,settings:ATTRIBUTES:Project,,

[!] hermes-engine has added 1 script phase. Please inspect before executing a build. See `https://guides.cocoapods.org/syntax/podspec.html#script_phases` for more information.
